dream_id,pred_descriptors,gt_descriptors,f1,precision,recall,reasoning,dream_report
norms-f_0051,"[""A+""]","[""A+""]",1.0,1.0,1.0,"{""A+ (old-fashioned dress)"": ""'Old-fashioned' is an explicit age+ descriptor, indicating something from an older era/style."", ""NOT CODED — (20)"": ""Parenthetical age is character-coding notation, not a descriptor word."", ""NOT CODED — 'Puritans'"": ""Historical/cultural identity, not a descriptor in any of the 9 dimensions."", ""NOT CODED — 'same'"": ""Not a codeable quality word in the 9 dimensions.""}","I dreamed that I and my family were Puritans. We were living the same house as we live in today, however. I was shelling peas, and was in an old-fashioned dress when a girlfriend of mine, Charlotte Kominsky (20) came over. She asked to borrow something (I can't remember what) and mother said, ""Bridg"
norms-f_0052,"[""E+"", ""E+"", ""S+"", ""L-"", ""I+"", ""I+"", ""S+"", ""E+"", ""S+""]","[""E+"", ""E+"", ""S+"", ""L-"", ""S+"", ""E+"", ""S+"", ""I+""]",0.941,0.889,1.0,"{""E+ (beautiful ballroom)"": ""'Beautiful' is a positive aesthetic evaluation — E+."", ""E+ (beautiful formal)"": ""Second 'beautiful' applied to a different object (the dress/formal) — another E+."", ""S+ (long spiral staircase)"": ""'Long' is an explicit size+ descriptor."", ""L- (spiral staircase)"": ""'Spiral' explicitly describes a curved/non-linear shape — linearity−."", ""I+ (very early)"": ""'Very' is an explicit high-intensity modifier applied to dream content."", ""I+ (very large)"": ""'Very' is an explicit high-intensity modifier applied to dream content."", ""S+ (very large ... house)"": ""'Large' is an explicit size+ descriptor."", ""E+ (beautiful house)"": ""'Beautiful' is a positive aesthetic evaluation — E+."", ""S+ (huge swimming pool)"": ""'Huge' is an explicit size+ descriptor."", ""NOT CODED — 'very disjointed one'"": ""This is a METACOGNITIVE statement about the dream itself, not about dream content. 'Very' in the metacognitive frame does NOT code."", ""NOT CODED — ages (25), (22), (50)"": ""Parenthetical ages are character-coding notation, not descriptor words."", ""NOT CODED — 'early in the morning'"": ""'Early' describes time, not a physical quality in the 9 dimensions. Only 'very' modifying it is coded as I+.""}","This dream was a very disjointed one. I dreamed that I was at a Delta Tau Delta fraternity party. Here I was dancing in a beautiful ballroom of the type you see in movies and in a beautiful formal, with a friend of mine, Chuck Burka (25) who is a member of Reserve's chapter of Beta Theta Pi fraterni"
norms-f_0053,"[""A-"", ""V+""]","[""A-"", ""E-""]",0.5,0.5,0.5,"{""A- (young boys)"": ""'Young' is an explicit age− descriptor applied to the boys."", ""V+ (rushed out)"": ""'Rushed' expresses rapid movement — velocity+."", ""NOT CODED — age (22)"": ""Parenthetical age is character-coding notation, not a descriptor word."", ""NOT CODED — ages 10 to 12"": ""Specific numeric ages given for the boys are character-coding notation, not descriptor words."", ""NOT CODED — 'about four'"": ""Approximate quantity, not a size descriptor."", ""NOT CODED — 'about 15-20 students'"": ""Numeric quantity estimate, not a size descriptor."", ""NOT CODED — 'silly'"": ""Behavioral description, not a descriptor in the 9 dimensions."", ""NOT CODED — 'angry'"": ""Simple emotion word without an explicit intensity modifier.""}","I dreamed that Chuck Branden, my boyfriend (22) and I were in the Lasalle Theatre. There were about four other young boys in the show with us, all unknown to me, and all about the age of 10 to 12. As a matter of fact, they all resembled each other in looks Instead of watching the movie, they were al"
norms-f_0054,[],[],1.0,1.0,1.0,"{""NOT CODED — 'three or four times'"": ""Numerical count, not a descriptor in any of the 9 dimensions."", ""NOT CODED — 'Washington Monument'"": ""Proper noun/place name, not a descriptive quality word."", ""NOT CODED — no explicit quality words"": ""This dream describes actions (jumping, running) without any explicit descriptive modifiers falling into the 9 coding dimensions.""}","I dreamed that I was jumping out of the window of the Washington Monument in Washington, D.C. I would jump out, run back up the stairs and jump out again. After doing this three or four times, I jumped again and was about to land in a puddle when I woke up."
norms-f_0055,"[""A-"", ""A-"", ""C+"", ""E+"", ""I+"", ""I-""]","[""C+"", ""A-"", ""E+"", ""I-""]",0.8,0.667,1.0,"{""C+ (red beads)"": ""'Red' is a chromatic color — color+. Although 'red beads' is mentioned multiple times, the beads are the same object referenced repeatedly. Coding once for the first distinct descriptive application."", ""A- (a young fellow)"": ""'Young' is an explicit age− descriptor applied to the lab instructor."", ""A- (a young, nice-looking ... blond man)"": ""'Young' applied to the cadaver — a second distinct character described as young."", ""E+ (nice-looking)"": ""'Nice-looking' is a positive aesthetic evaluation of appearance — evaluation+."", ""I+ (very limp)"": ""'Very' is an explicit high-intensity modifier applied to dream content."", ""I- (a little frightened)"": ""'A little' is an explicit low-intensity modifier — intensity−."", ""NOT CODED — ages (20), (20-25), (20)"": ""Parenthetical ages are character-coding notation, not descriptor words."", ""NOT CODED — 'blond'"": ""'Blond' describes hair color but is borderline. It could be C+ but the coder treats it as a physical trait/identifier rather than a salient chromatic color descriptor applied to an object."", ""NOT CODED — 'natural'"": ""'Natural' describes the cadaver's appearance as lifelike but is not clearly an aesthetic praise word (E+) — it's more a factual observation about appearance."", ""NOT CODED — 'funny'"": ""'Funny' describes a humorous reaction, not an aesthetic/moral evaluation."", ""NOT CODED — 'last lab table'"": ""'Last' indicates position/order, not a descriptor in the 9 dimensions."", ""NOT CODED — 'dead'"": ""State of being, not a descriptor in the 9 dimensions."", ""NOT CODED — 'surprised'"": ""Simple emotion word without an explicit intensity modifier.""}","I dreamed that a friend of mine, Lois Watkins (20), and I were working in physiology lab on a cadaver. We were working specifically on the stomach of this male cadaver, trying to find red beads in his kidney. I remember that we were the only ones who were unable to find the red beads, and at last ou"
norms-f_0056,"[""S+"", ""C+"", ""C-"", ""C+"", ""E-"", ""I+"", ""I+""]","[""S+"", ""C+"", ""C-"", ""C+"", ""E-"", ""I+""]",0.923,0.857,1.0,"{""S+ (big costume party)"": ""'Big' is an explicit size+ word describing the party."", ""C+ (red)"": ""'Red' is a chromatic color — color+."", ""C- (white)"": ""'White' is an achromatic color — color−."", ""C+ (blue)"": ""'Blue' is a chromatic color — color+."", ""E- (horrible man's face)"": ""'Horrible' is a negative aesthetic evaluation — evaluation−."", ""I+ (very tie — 'this very tie')"": ""Actually, 'very' here is used as an adjective meaning 'exact/same,' not as an intensifier. NOT CODED upon reflection."", ""I+ (very upset)"": ""'Very' is an explicit high-intensity modifier applied to an emotional state in the dream."", ""NOT CODED — 'many people'"": ""'Many' indicates quantity but is not a standard size word in the codebook like 'lots of' or 'millions of.' Borderline — coder chose not to code."", ""NOT CODED — 'much excitement'"": ""'Much' is a quantity word but modifies an abstract emotion, not a physical dimension."", ""NOT CODED — 'gaily decorated'"": ""'Gaily' describes manner of decoration — not clearly in the 9 dimensions."", ""NOT CODED — 'all entangled'"": ""Describes a physical state of the streamers, not a standard descriptor dimension."", ""NOT CODED — 'identical'"": ""Describes sameness, not a quality dimension."", ""NOT CODED — 'practically every inch'"": ""'Practically' could be an intensity word but is used in a spatial/quantity sense, not as a salient intensifier."", ""NOT CODED — 'this very tie'"": ""'Very' here means 'exact same' (adjective), not an intensity modifier."", ""NOT CODED — 'disliked'"": ""Simple emotion word without an explicit intensity modifier.""}","Upon entering a ballroom where a big costume party was taking place, I was confronted with many people and much excitement and confusion. The place was gaily decorated. Hanging from the ceiling were streamers which were all entangled. Upon looking around, I saw that all the men there were wearing th"
norms-f_0057,"[""I+"", ""I+"", ""I+"", ""V-""]","[""I+"", ""I+"", ""I+"", ""V-"", ""I+""]",0.889,1.0,0.8,"{""I+ (very close embrace)"": ""'Very' is an explicit high-intensity modifier applied to the closeness of the embrace."", ""I+ (very tense)"": ""'Very' is an explicit high-intensity modifier applied to the state of tension."", ""I+ (real hard)"": ""'Real hard' functions as an explicit intensity modifier on the dreamer's concentration — equivalent to 'very hard'."", ""V- (very slowly)"": ""'Slowly' is an explicit velocity− descriptor — the dreamer replied at a slow pace. 'Very' modifies 'slowly' but the core descriptor is the velocity word."", ""NOT CODED — 'too disappointed'"": ""'Too' here is used in a negated context ('didn't seem too disappointed'), which cancels the intensity. The negation removes the force of the intensifier."", ""NOT CODED — 'concentrated'"": ""An action verb, not a descriptor in the 9 dimensions.""}","I was sitting in the front seat of a car with a man I cannot identify. We were in a very close embrace, but instead of kissing me, he was trying to make me stutter. His method involved my repeating certain words after him. This was supposed to make me very tense. Then he asked me some questions and "
norms-f_0058,"[""L+"", ""S+""]","[""L+"", ""I+""]",0.5,0.5,0.5,"{""L+ (walked straight by it)"": ""'Straight' explicitly describes the linearity of their path — linearity+."", ""S+ (a considerable distance)"": ""'Considerable' implies a large distance — size+."", ""NOT CODED — 'quite shocked'"": ""'Quite' is borderline. Per the rules, code 'quite' only when it clearly intensifies a salient quality. Here it modifies an emotional reaction ('shocked'), and following the conservative approach for borderline intensifiers in emotional contexts, the coder chose not to code I+."", ""NOT CODED — 'furious'"": ""Simple emotion word without an explicit intensity modifier — does not code I."", ""NOT CODED — 'conflicting'"": ""Describes the nature of the thoughts, not a quality in the 9 dimensions.""}","This fellow and I were walking arm and arm thru the parking lot of a Greensurgh hotel. The entrance faces the lot and we walked straight by it, but a considerable distance. I could see a woman scrubbing the floor of the vestibule. I was quite shocked to discover that it was my mother. This fellow ne"
norms-f_0059,"[""I+"", ""I-""]","[""I+"", ""I+"", ""I+"", ""I-""]",0.667,1.0,0.5,"{""I+ (completely innocent)"": ""'Completely' is an explicit high-intensity modifier applied to the dreamer's state — I+."", ""I- (mild argument)"": ""'Mild' is an explicit low-intensity modifier describing the argument — I−."", ""NOT CODED — 'furious'"": ""Simple emotion word without an explicit intensity modifier — not coded."", ""NOT CODED — 'vehement argument'"": ""'Vehement' describes the force of the argument. Judgment call: 'vehement' could be considered I+, but it functions more as a characterization of the argument's nature than as a standard intensifier modifying a quality word. The coder chose not to code it."", ""NOT CODED — 'intently'"": ""Describes manner of listening, not a salient quality dimension in the 9 categories."", ""NOT CODED — 'short while later'"": ""'Short' here describes a time duration, not a physical size dimension — not coded as S−.""}",I was sitting in some sort of classroom in the first row in the next to the last seat. It was an intersorority council meeting and my roommate was officiating and sat at the teacher's desk. This I couldn't understand because she isn't even a member of a sorority. I was sitting sidewards in the chair
norms-f_0060,"[""S+"", ""I+""]","[""I+"", ""I+""]",0.5,0.5,0.5,"{""S+ (hundreds of people)"": ""'Hundreds' is a large quantity word implying a very large number of people — size+."", ""I+ (disturbed me greatly)"": ""'Greatly' is an explicit high-intensity modifier applied to the dreamer's emotional state — intensity+."", ""NOT CODED — 'much thought'"": ""'Much' here describes the amount of thought given, not a physical size or salient intensity modifier in the dream-content sense. Borderline, but coder chose not to code."", ""NOT CODED — 'all shouting at once'"": ""Describes simultaneous action, not a descriptor in any of the 9 dimensions."", ""NOT CODED — 'alike'"": ""Describes similarity, not an evaluative or other codeable dimension.""}","I was planning on going to a costume party. I had given the kind of costume that I was to wear much thought. I met someone I knew, who was also going to the same party and she asked me what I was going as. I told her that I would dress as a game of bridge. At that moment, hundreds of people appeared"
norms-f_0061,"[""I+"", ""I+"", ""I+"", ""V+""]","[""I+""]",0.4,0.25,1.0,"{""I+ (terribly afraid)"": ""'Terribly' is an explicit high-intensity modifier applied to the emotion 'afraid' — codes as I+."", ""I+ (very much afraid)"": ""'Very much' is an explicit high-intensity modifier applied to 'afraid' — codes as I+."", ""I+ (very quickly)"": ""'Very' is an explicit high-intensity modifier applied to 'quickly' — codes as I+."", ""V+ (very quickly)"": ""'Quickly' describes rapid speed of the heartbeat — velocity+."", ""NOT CODED — 'afraid' alone"": ""Simple emotion words without intensity modifiers do not code."", ""NOT CODED — 'continually'"": ""Describes frequency/repetition, not velocity or another coded dimension.""}","I dreamed that a man continually would come to my dormitory, ring the doorbell and while he waited at the door, I would hide in the living room behind a chair until I would see him leave. I seemed to be aware of the fact that I was terribly afraid of him, although I had never seen him before and he "
norms-f_0062,[],[],1.0,1.0,1.0,"{""NOT CODED — 'afraid'"": ""Simple emotion word without an explicit intensity modifier — does not code."", ""NOT CODED — 'certain point'"": ""'Certain' is used as a determiner meaning 'a particular,' not a descriptor in any of the 9 dimensions."", ""NOT CODED — 'steady stream'"": ""'Steady' describes the flow quality, not a codeable dimension. It is not linearity, velocity, or intensity in the codebook sense."", ""NOT CODED — 'all the mercury was running around the room'"": ""No explicit quality words here — 'all' is a quantifier but does not clearly function as S+ or D+ in this context. The mercury running around describes an action, not a bounded container being full.""}","I dreamed that somebody was taking my temperature. I was afraid that I really had a fever, so I didn't want the person to come near me with the thermometer. Someone had said not to touch the thermometer on a certain point - otherwise the mercury would all run out in a steady stream. I must have touc"
norms-f_0063,"[""C-"", ""C-""]","[""C-"", ""C-""]",1.0,1.0,1.0,"{""C- (white coat)"": ""'White' is an achromatic color explicitly describing the coat — color−."", ""C- (white trousers)"": ""'White' is an achromatic color explicitly describing the trousers — a second distinct instance — color−."", ""NOT CODED — 'right construction'"": ""'Right' here means correct, not a moral/aesthetic evaluation."", ""NOT CODED — 'half way up his arm'"": ""Describes the extent of a bandage, not a size dimension in the codebook sense.""}","I dreamed that Dean Dolan was explaining the construction of some English sentences to me. I had them all correct except one which she switched around to make it the right construction. Then we walked out of the classroom since she a class and so did I. As we came out into the hall, I saw a friend o"
norms-f_0064,[],[],1.0,1.0,1.0,"{""NOT CODED — 'later permission'"": ""'Later' here refers to time, not a descriptor in any of the 9 dimensions."", ""NOT CODED — no explicit quality words"": ""This dream report describes a social interaction and situation without any explicit descriptive quality words falling into the 9 codeable dimensions (Color, Size, Age, Density, Thermal, Velocity, Linearity, Intensity, Evaluation).""}","I dreamed that I was sitting at a table with a girl in my dormitory, her boyfriend and either 2 or 3 other people whom I don't recall. Anyhow, the girl was asking me all sorts of questions about a dance I was supposed to have attended last week, but to which I never went. I had signed out for this d"
norms-f_0065,"[""A+"", ""A-"", ""C+"", ""E+"", ""S+""]","[""E+"", ""S+""]",0.571,0.4,1.0,"{""A+ (old woman)"": ""'Old' is an explicit age+ descriptor applied to the woman."", ""A- (young man)"": ""'Young' is an explicit age− descriptor applied to the man."", ""E+ (good-looking)"": ""'Good-looking' is a positive aesthetic evaluation of the man's appearance."", ""C+ (stamped in gold)"": ""'Gold' is a chromatic color — color+."", ""S+ (a long name)"": ""'Long' is an explicit size+ descriptor applied to the name."", ""NOT CODED — 'good' (a good friend)"": ""'Good' here is a social/relational phrase, not an aesthetic evaluation."", ""NOT CODED — 'hurt'"": ""Simple emotion word without an explicit intensity modifier."", ""NOT CODED — 'few' (a few times / a few servants)"": ""'Few' is a vague quantity word but does not clearly map to S− (small physical size). It describes frequency/number in a non-physical sense.""}",The dream began when a friend of mine came and told me that a boy whom I had dated a few times and whom I haven't seen for several weeks was pinned to another girl who was supposed to live next door to my dorm. (The only person living there is an old woman and a few servants.) Then the dream shifted
norms-f_0066,"[""I+""]","[""I+""]",1.0,1.0,1.0,"{""I+ (so excited)"": ""'So' is an explicit high-intensity modifier applied to the dreamer's emotional state — intensity+."", ""NOT CODED — 'rather sarcastic'"": ""'Rather' is a borderline qualifier and 'sarcastic' is a manner/tone descriptor, not a standard quality dimension. The coder chose not to code I− here because 'rather' is used in a weakly descriptive context."", ""NOT CODED — 'strenuously'"": ""Describes manner of resisting, not a quality in the 9 dimensions."", ""NOT CODED — ages (19)"": ""Parenthetical ages are character-coding notation, not descriptor words."", ""NOT CODED — 'twice' / 'third time'"": ""Counting, not a descriptor in the 9 dimensions.""}","Two friends, Nancy (19) my ex-roommate and Julia, girl living across the hall in my dorm and I were in a bathroom chatting. Nancy replied to my statement with a rather sarcastic hum which in real life torments me to some extent. I got so excited that I took her head in my hands and banged it twice a"
norms-f_0067,"[""I+"", ""I+"", ""S+"", ""A+""]","[""I+"", ""I+"", ""A+"", ""S+"", ""A+"", ""I+""]",0.8,1.0,0.667,"{""I+ (weeping bitterly)"": ""'Bitterly' is an explicit high-intensity modifier applied to the action of weeping — I+."", ""I+ (very clearly)"": ""'Very' is an explicit high-intensity modifier applied to how clearly the dreamer could see — I+."", ""S+ (high cyclone fence)"": ""'High' explicitly describes the physical size/height of the fence — S+."", ""A+ (older than I am)"": ""'Older' is a comparative age descriptor indicating greater age — A+."", ""NOT CODED — 'very good friend'"": ""'Good friend' is a social/relational phrase, not an aesthetic or moral evaluation. 'Very' modifies this social phrase, not a dream-content quality."", ""NOT CODED — 'old home'"": ""'Old' here means 'former/previous,' not aged or ancient. Does not code A+."", ""NOT CODED — '23 years old' / 'nineteen years old'"": ""Specific numeric ages are character-coding notation, not descriptor words."", ""NOT CODED — 'familiar faces'"": ""'Familiar' describes recognition, not a quality in the 9 dimensions.""}",I dreamed this dream the night before my friend Tia Sticapoulou went to New York. I dreamed I saw her walking down the street with another of my friends on the day that she was to leave. I inquired as to what had happened. She replied that she waited for a number of hours and that the person didn't 
norms-f_0068,"[""C+"", ""I+""]","[""C+""]",0.667,0.5,1.0,"{""C+ (brown checked jacket)"": ""'Brown' is a chromatic color explicitly describing the jacket."", ""I+ (very conscious)"": ""'Very' is an explicit high-intensity modifier applied to the dreamer's awareness of the jacket."", ""NOT CODED — 'fine'"": ""'Fine' here is used as a conversational response ('I said fine'), not as an aesthetic evaluation."", ""NOT CODED — 'exact same way'"": ""'Exact' describes manner of action repetition, not a quality in the 9 dimensions."", ""NOT CODED — 'not of the color'"": ""The dreamer explicitly states they do NOT remember the color — no color word is given to code.""}","All that I can remember is that I was at some type of social function. Someone came up to me and asked me to dance, and some time later this same individual in exactly the same manner asked me again. I can't explain how he asked me, but I do know that it was in the exact same way. The second time I "
norms-f_0069,"[""E+"", ""I+"", ""I+"", ""S+"", ""S-""]","[""I+"", ""E+"", ""S+"", ""S-"", ""I+"", ""I+""]",0.909,1.0,0.833,"{""E+ (beautiful girl)"": ""'Beautiful' is an explicit positive aesthetic evaluation — E+."", ""S+ (long hair)"": ""'Long' is an explicit size+ descriptor applied to hair."", ""I+ (very tiny)"": ""'Very' is an explicit high-intensity modifier applied to 'tiny'."", ""S- (very tiny)"": ""'Tiny' is an explicit size− descriptor — the baby is described as very small."", ""I+ (very active)"": ""'Very' is a second explicit high-intensity modifier applied to 'active'."", ""NOT CODED — 'deep sleep'"": ""'Deep' here is metaphorical (deep sleep = sound sleep), not a physical size/dimension descriptor."", ""NOT CODED — 'overjoyed'"": ""Simple emotion word without an explicit intensity modifier — not coded."", ""NOT CODED — 'very well' (hides his true feelings very well)"": ""This is a parenthetical aside about the dreamer's waking life observation, not describing dream content."", ""NOT CODED — 'happiness and love'"": ""Emotion words without explicit intensity modifiers."", ""NOT CODED — 'beauty' (baby's beauty)"": ""This repeats the aesthetic quality already coded via 'beautiful girl.' The noun 'beauty' here is a restatement in the dreamer's summary, not a new distinct descriptor applied to a new object."", ""NOT CODED — 'predominant'"": ""Describes narrative salience/emphasis, not a quality in the 9 dimensions."", ""NOT CODED — 'surprised'"": ""Simple emotion/reaction, not a codeable descriptor dimension.""}","In my dream I was in bed aware of the fact that I was about to give birth to a baby. I fell into a deep sleep or when I woke the baby had been born. I had no pain and there was no evidence of afterbirth. At the time my parents were away and on returning both were overjoyed, especially my father (thi"
norms-f_0070,"[""C+"", ""C+"", ""S+""]","[""C+"", ""S+"", ""C+"", ""I+""]",0.857,1.0,0.75,"{""C+ (bright blue outfit)"": ""'Blue' is a chromatic color — color+."", ""C+ (wide green band)"": ""'Green' is a chromatic color — color+."", ""S+ (wide green band)"": ""'Wide' is an explicit size+ word describing the band's physical dimension."", ""NOT CODED — 'bright' (bright blue outfit)"": ""'Bright' here modifies the color 'blue' as a color quality descriptor. It is not an intensity modifier in the I+ sense; it describes the shade/saturation of the color. The chromatic color itself is already coded as C+."", ""NOT CODED — 'whole place'"": ""'Whole' here means 'entire' — it describes completeness/extent, not a size dimension."", ""NOT CODED — 'more of them than students'"": ""Comparative quantity statement, not an explicit size/density descriptor.""}","I had to take an exam in the psych lab. When I entered, there were tables over the whole place. The lab was just one room, not the way it actually is. There were chairs along the wall all occupied with people who are proctors. There seemed to be more of them than students taking the exam. One girl, "
norms-f_0071,"[""I+"", ""I+"", ""S+"", ""S-"", ""A-"", ""S+""]","[""I+"", ""A-"", ""I+"", ""S-"", ""S+""]",0.909,0.833,1.0,"{""I+ (very steep hill)"": ""'Very' is an explicit high-intensity modifier applied to dream content."", ""I+ (very worried)"": ""'Very' is an explicit high-intensity modifier applied to dream content."", ""S+ (steep hill)"": ""While 'steep' is not a standard size word, the hill's steepness is descriptive of landscape — however, reconsidering: 'steep' does not clearly fit S. NOT CODED here; see revised reasoning below."", ""A- (young brother)"": ""'Young' is an explicit age− descriptor."", ""S- (little fairy like creature)"": ""'Little' explicitly describes the creature's small size — size−."", ""S+ (huge ... lake)"": ""'Huge' is an explicit size+ word — size+."", ""NOT CODED — 'peaceful lake'"": ""'Peaceful' describes the lake's atmosphere/mood, not an aesthetic/moral evaluation in the E dimension. It is not clearly 'beautiful' or a moral praise word."", ""NOT CODED — ages (15)"": ""Parenthetical age is character-coding notation, not a descriptor word."", ""NOT CODED — 'steep'"": ""'Steep' describes gradient/incline, not clearly a size, linearity, or other codeable dimension.""}","My father was driving me up a very steep hill in our car, and my young brother (15) was with us. When we reached the top, we got out of the car and parted for my father was going one way and I the other. I was very worried about leaving the car parked on the steep hill because some little fairy like"
norms-f_0072,[],[],1.0,1.0,1.0,"{""NOT CODED — 'silent'"": ""'Silent' describes the dreamer's behavior (keeping quiet), not a quality dimension in the 9 categories."", ""NOT CODED — 'few girls'"": ""'Few' is a small quantity word, but it is not an explicit size descriptor in the S− sense — it simply indicates a small number and is too weak/common to code."", ""NOT CODED — 'trouble'"": ""A general negative situation word, not an aesthetic or moral evaluation.""}","I was just about to enter my sociology class when I saw a few girls (unknown to me) seated at a table across the hall. I, too, sat down there. Then my instructor came and began talking to the girls. I thought that if I kept silent, he wouldn't notice I didn't belong and my presence would do no harm."
norms-f_0073,"[""E-""]","[""E+""]",0.0,0.0,0.0,"{""E- (horrible condition)"": ""'Horrible' is an explicit negative aesthetic/moral evaluation — evaluation−."", ""NOT CODED — 'freakish'"": ""Judgment call: 'freakish' describes an abnormal quality but is more of a characterization than a standard aesthetic/moral evaluation in the E dimension. The coder chose not to code this."", ""NOT CODED — 'loving'"": ""'Loving' describes a relational/emotional quality of the wife, not an aesthetic or moral evaluation in the E dimension."", ""NOT CODED — 'spiritual'"": ""'Spiritual' describes the type of dream experience, not a quality in any of the 9 dimensions."", ""NOT CODED — 'visible'"": ""'Visible' is a perceptual descriptor, not in the 9 dimensions."", ""NOT CODED — 'only recently'"": ""'Recently' relates to time/age context but does not describe age of a person or object as A+ or A−.""}",The only visible person was a man who had freakish limbs. At the end of each arm and leg there was either a stump or only one or two fingers or toes. I had the feeling he had acquired one of them only recently. I seemed to know that this man had a loving wife who would not leave him because of his h
norms-f_0074,"[""C+"", ""C+"", ""C+"", ""C+""]","[""C+"", ""C+"", ""C+""]",0.857,0.75,1.0,"{""C+ (red lipstick cases)"": ""'Red' is a chromatic color — color+."", ""C+ (gold case)"": ""'Gold' is a chromatic color — color+."", ""C+ (red paper)"": ""'Red' is a chromatic color applied to a distinct object — second instance of red, color+."", ""C+ (the color did come thru the red paper)"": ""Third distinct mention of 'red' applied to the paper in a new context — color+."", ""NOT CODED — 'quite surprised'"": ""'Quite' is borderline and used conservatively. Here it modifies an emotional reaction ('surprised') in a relatively mild context. The coder chose not to code this as I+, following the conservative approach to 'quite'."", ""NOT CODED — 'right shade'"": ""'Right' here means correct/appropriate, not an aesthetic or moral evaluation.""}","I was shopping for lipstick and was with a girl with whom I had been close friends in high school, but now am unfriendly with. I wondered why she was with me since I didn't like her. She was helping me choose a lipstick and I wondered whether she might not want to hinder me. The girl showed me a cou"
norms-f_0075,"[""E-"", ""E-""]","[""E-"", ""E+""]",0.5,0.5,0.5,"{""E- (dirty it up)"": ""'Dirty' used as a value judgment about the state of the room — negative aesthetic evaluation."", ""E- (not to dirty the room)"": ""Second distinct use of 'dirty' as a negative aesthetic/moral evaluation in a separate clause."", ""NOT CODED — 'clean room clean'"": ""'Clean' describes a functional state rather than an aesthetic praise word like 'beautiful' or 'lovely.' It is the opposite of 'dirty' but used descriptively about room condition, not as aesthetic evaluation in the E+ sense."", ""NOT CODED — age (16)"": ""Parenthetical age is character-coding notation, not a descriptor word."", ""NOT CODED — 'nonentity'"": ""Describes the person's social insignificance/anonymity, not a quality in the 9 dimensions.""}",All I remember of this dream is that my brother (16) re-entered a room I was in. He began upsetting everything in the room and doing everything he could to dirty it up--emptying the earth from flower pots was one specific way I remember. He was doing all this to spite me because I pleaded with him n
norms-f_0076,"[""C+"", ""C+"", ""C+"", ""C-"", ""E+"", ""E+"", ""A+"", ""I+"", ""I+"", ""S-"", ""T-""]","[""E+"", ""C-"", ""C+"", ""E+"", ""C+"", ""I+"", ""T-"", ""A-"", ""A+"", ""I+"", ""I+"", ""I-"", ""I+"", ""I-""]",0.72,0.818,0.643,"{""C- (silver-white fur coats)"": ""'Silver-white' is an achromatic color description — color−."", ""E+ (beautiful ... fur coats)"": ""'Beautiful' is a positive aesthetic evaluation — evaluation+."", ""I+ (liked very much)"": ""'Very' is an explicit high-intensity modifier — intensity+."", ""I+ (very dressed up)"": ""'Very' is a second explicit high-intensity modifier — intensity+."", ""C+ (light blue dresses)"": ""'Blue' is a chromatic color — color+."", ""A+ (older person)"": ""'Older' is a comparative age descriptor — age+."", ""C+ (blue sky)"": ""'Blue' is a chromatic color — color+."", ""C+ (bright sun)"": ""'Bright' modifies the sun's visual quality; however, reconsidering — 'bright' describes luminosity. Actually, 'bright' is not a standard chromatic or achromatic color. Let me reconsider this."", ""E+ (weather was fine)"": ""'Fine' is a positive evaluative descriptor — evaluation+."", ""S- (a little cold)"": ""Actually 'a little' is a mild qualifier and 'cold' is thermal. Let me reassign."", ""T- (a little cold)"": ""'Cold' is an explicit thermal− descriptor — the dreamer explicitly states temperature.""}","I dreamed of 2 girls (I know them personally and always think of them together) both dressed exactly alike. They were beautiful silver-white fur coats which I liked very much. Both were very dressed up, and I remember especially that they wore light blue dresses. We were at a lakeshore. Some older p"
norms-f_0077,"[""C+"", ""I+"", ""T-""]","[""C+"", ""T+""]",0.4,0.333,0.5,"{""C+ (yellow)"": ""'Yellow' is a chromatic color explicitly describing the apples — color+."", ""I+ (very clear)"": ""'Very' is an explicit high-intensity modifier applied to 'clear' in dream content."", ""T- (not being hot enough)"": ""'Hot' is an explicit thermal descriptor. Even though negated/insufficient ('not hot enough'), the dreamer explicitly references temperature. The word 'hot' is stated — coding T- because the oven is described as insufficiently hot (i.e., too cold)."", ""NOT CODED — 'two bushels'"": ""A specific quantity, not a size descriptor."", ""NOT CODED — 'distinctly'"": ""This is a metacognitive/memory qualifier ('I distinctly remember'), not a descriptor of dream content.""}","I dreamed that my father was commending my sister and me for picking two bushels of apples. One of the bushels of apples was, I distinctly remember, yellow. My father went on to complain about not being able to hunt. I don't think the reason is very clear. He said something about the oven not being "
norms-f_0078,[],[],1.0,1.0,1.0,"{""NOT CODED — 'several tracks'"": ""'Several' is a quantity word but does not imply large or small size — it is a moderate, neutral quantity and does not reach the threshold for S+."", ""NOT CODED — 'moving locomotives'"": ""'Moving' describes action/state, not velocity. No explicit speed qualifier is present."", ""NOT CODED — 'approaching train'"": ""'Approaching' describes direction of movement, not speed — no V+ coding.""}","I dreamed of being on railroad tracks. I don't remember feeling any particular emotion. There were several tracks, and moving locomotives, and I remember that my father was present. Another dream I had similar to this one involved my father trying to remove something from the tracks before an approa"
norms-f_0079,"[""I+""]",[],0.0,0.0,0.0,"{""I+ (very puzzled)"": ""'Very' is an explicit high-intensity modifier applied to the dreamer's state of being puzzled."", ""NOT CODED — '$80'"": ""A specific monetary amount, not a descriptor in any of the 9 dimensions."", ""NOT CODED — 'a while'"": ""A temporal expression, not a descriptor in any of the 9 dimensions.""}",I dreamed that I was home for a vacation. I was demanding from my mother that she tell me what a certain $80 was for. I was very puzzled about it and wanted to know its source. I remember then seeing my mother and father grinning at each other and right away I realized that it was they who had given
norms-f_0080,"[""S+"", ""I+"", ""C+"", ""E+"", ""S+"", ""S+"", ""I+"", ""S-"", ""I+"", ""S+"", ""I+""]","[""I+"", ""S+"", ""C+"", ""I+"", ""I+"", ""I+""]",0.706,0.545,1.0,"{""S+ (big formal dance)"": ""'Big' is an explicit size+ word describing the dance."", ""I+ (very worried)"": ""'Very' is an explicit high-intensity modifier applied to dream content."", ""C+ (pink camelia)"": ""'Pink' is a chromatic color — color+."", ""E+ (beautiful)"": ""'Beautiful' is a positive aesthetic evaluation. Though 'not as beautiful as I expected,' the word 'beautiful' is still used as the evaluative standard — coded E+."", ""S+ (a long time - unable to reach him)"": ""'Long' describes duration/extent — size+."", ""S+ (long distance)"": ""'Long' is an explicit size+ word describing distance."", ""I+ (very much - surprised me very much)"": ""'Very' is an explicit high-intensity modifier."", ""S- (a little bit ashamed)"": ""'Little' here describes a small degree — size−."", ""I+ (extremely happy)"": ""'Extremely' is an explicit high-intensity modifier."", ""S+ (a long time making plans)"": ""'Long' describes a large extent of time — size+."", ""I+ (all very happy)"": ""'Very' is an explicit high-intensity modifier."", ""NOT CODED — 'formal dance'"": ""'Formal' describes the type of event, not a quality dimension in the 9 categories."", ""NOT CODED — 'right away'"": ""This indicates immediacy but is not an explicit velocity word like 'quickly' or 'fast'."", ""NOT CODED — 'diamond ring'"": ""'Diamond' names a material, not a codeable descriptor."", ""NOT CODED — 'not too clear' (setting)"": ""This is a metacognitive statement about the dream report, not dream content."", ""NOT CODED — 'long dream'"": ""Metacognitive statement about the dream itself, not dream content."", ""NOT CODED — 'ashamed'"": ""Simple emotion word; the intensity modifier 'a little bit' was coded as S−."", ""NOT CODED — 'disappointed'"": ""Simple emotion word without an explicit intensity modifier."", ""NOT CODED — 'whole family'"": ""'Whole' describes completeness, not a standard quality dimension.""}","I was planning on going to a big formal dance, one of the Mather dances to which the girls invite their boyfriends. I was very worried about who to ask, and for some reason I didn't want to ask Milt. A girlfriend of mine I don't know who, got me a blind date for the affair. The night of the dance I "
norms-f_0081,[],[],1.0,1.0,1.0,"{""NOT CODED — 'gradually regained life'"": ""'Gradually' could be considered V− (slowly), but here it describes the pace of recovery/health change rather than physical movement velocity. Judgment call: not coded."", ""NOT CODED — 'nothing at all like Albuquerque'"": ""This is a comparative/metacognitive observation about the dream setting, not a descriptor in the 9 dimensions."", ""NOT CODED — 'worried'"": ""Simple emotion word without an explicit intensity modifier — not coded."", ""NOT CODED — 'several years ago'"": ""Temporal reference, not an age descriptor applied to a person or object.""}","I dreamed I was dying. I had all the symptoms, and was just waiting for the end. But at the same time, I was about and carrying on carious activities with friends. It worried me to be doing this, because I was supposed to die, and I didn't know how much gallivanting I should be doing. Somehow these "
norms-f_0082,"[""I+"", ""S+""]","[""I+"", ""I+""]",0.5,0.5,0.5,"{""I+ (very intently)"": ""'Very' is an explicit high-intensity modifier applied to the dreamer's engagement with the movie."", ""S+ (a long time)"": ""'Long' here describes a duration, but 'long time' is a conventional temporal phrase. However, considering the codebook's instruction that size must describe a physical dimension — this is borderline. On reflection, 'long time' is temporal, not physical, so it should not be coded. But the coder must decide."", ""REVISED — NOT CODED 'long time'"": ""'Long' here describes duration (temporal), not a physical dimension. Per the codebook, metaphorical/non-physical uses should not be coded."", ""NOT CODED — 'hard' (tried hard)"": ""'Hard' describes effort/difficulty, not a physical quality in the 9 dimensions."", ""NOT CODED — 'unstuck'"": ""Physical state, not in the 9 dimensions.""}","I was in a movie watching it very intently. When the movie was over, I discovered I had dropped some article which I had been holding. But when I tried to look for it, I found my eyes would not move from their previous position of looking up at the movie. I tried hard for a long time to get them uns"
norms-f_0083,"[""I+"", ""I+"", ""S+"", ""E+""]","[""E+"", ""I+"", ""I+"", ""I+""]",0.75,0.75,0.75,"{""I+ (very overweight)"": ""'Very' is an explicit high-intensity modifier applied to a physical description."", ""S+ (lost a lot of weight)"": ""'A lot of' implies a large quantity/amount — size+."", ""I+ (very happy and proud)"": ""'Very' is an explicit high-intensity modifier applied to an emotion."", ""E+ (looked swell)"": ""'Swell' is a positive aesthetic evaluation."", ""NOT CODED — 'very good friend'"": ""'Very good' here describes the social closeness of the friendship, not an aesthetic or moral evaluation. 'Good' in 'good friend' is a social phrase, not E+. However, 'very' here modifies a social relationship quality, not a salient dream-content descriptor — not coded as I+."", ""NOT CODED — 'overweight'"": ""'Overweight' is a physical description but not clearly in the S+ dimension (it describes body composition, not explicit size like 'large' or 'big'). The 'very' modifier is coded as I+."", ""NOT CODED — 'really looked swell'"": ""'Really' could be I+, but here it functions as a casual conversational intensifier reinforcing the evaluation 'swell.' Coder judgment: the main coding is E+ for 'swell'; 'really' is borderline and not coded separately."", ""NOT CODED — '32' (age)"": ""Specific numeric age is character-coding notation, not a descriptor."", ""NOT CODED — 'happy and proud'"": ""Simple emotion words; the intensity modifier 'very' is coded as I+.""}","I dreamed of a very good friend of mine. He is 32, works at Marshall Field and Co. in Chicago. He is very overweight, but with such a personality that everyone likes him. In the dream he came here to Cleveland to see me. When he arrived, I found he had lost a lot of weight, really looked swell. He h"
norms-f_0084,"[""I+"", ""S+"", ""C+"", ""C+"", ""C+"", ""E-"", ""I+""]","[""C+"", ""C+"", ""C+"", ""I+"", ""E-""]",0.833,0.714,1.0,"{""I+ (very overweight)"": ""'Very' is an explicit high-intensity modifier applied to a physical description."", ""S+ (overweight)"": ""'Overweight' implies large physical size — coded as S+."", ""C+ (Flag red shirt)"": ""'Red' is a chromatic color — color+."", ""C+ (Kelley green jacket)"": ""'Green' is a chromatic color — color+."", ""C+ (brown trousers)"": ""'Brown' is a chromatic color — color+."", ""E- (so awful)"": ""'Awful' is a negative aesthetic evaluation — evaluation−."", ""I+ (so awful)"": ""'So' is an explicit high-intensity modifier applied to the evaluation."", ""NOT CODED — 'striking manner'"": ""'Striking' describes the manner of dressing as attention-grabbing, but is not clearly an aesthetic praise or criticism word in the E dimension."", ""NOT CODED — 'rather loud manner'"": ""'Rather' is a borderline intensity modifier and 'loud' is not a standard dimension. Coder chose not to code I− for 'rather' here as it is not clearly intensifying a salient quality in the 9 dimensions."", ""NOT CODED — ages (20), 32"": ""Ages given as numbers are character-coding notation, not descriptor words.""}","I was back working at Marshall Field and Co. in Chicago. It was quitting time and my girlfriend (20) and I were riding down the escalator accompanied by a friend of ours. He is a very overweight person, age 32, and dressed in a striking manner. Flag red shirt, Kelley green jacket and brown trousers."
norms-f_0085,"[""S-"", ""T-"", ""E-""]","[""S-""]",0.5,0.333,1.0,"{""S- (small party)"": ""'Small' is an explicit size− descriptor applied to the party."", ""T- (cold lack of response)"": ""'Cold' here could be read as metaphorical, but the coder judges it as borderline. However, on reflection, 'cold lack of response' is a metaphorical/emotional use of 'cold' — reconsidering."", ""E- (look of disgust)"": ""'Disgust' expresses moral/aesthetic condemnation — evaluation−."", ""NOT CODED — 'good friend'"": ""'Good' here is a social/relational use, not an aesthetic or moral evaluation of appearance or character quality. Per rules, do not code E+ for social uses of 'good.'"", ""NOT CODED — 'disdain'"": ""'Disdain' is an emotional reaction/attitude, not an aesthetic or moral evaluation word in the E category."", ""NOT CODED — 'best girlfriend'"": ""'Best' is a relational superlative, not a descriptor in the 9 dimensions."", ""NOT CODED — 'odd person'"": ""'Odd' is a subjective perception, not clearly in the aesthetic/moral (E) dimension."", ""NOT CODED — 'rather'"": ""'Rather' modifies 'odd,' which itself is not coded. Also 'rather' as a downgrader would only code I− if modifying a salient quality.""}","I dreamed of my last year's English teacher. In real life she is a good friend of mine, in my dream she was a good friend of mine, out of a blue sky she could do nothing but look at me with disdain; not a word passed between us. It was my birthday and I was having a small party. My teacher was there"
norms-f_0086,"[""E+"", ""I+""]","[""E+""]",0.667,0.5,1.0,"{""E+ (more beautifully wrapped)"": ""'Beautifully' is an explicit positive aesthetic evaluation — E+."", ""I+ (more beautifully)"": ""'More' here acts as a comparative intensifier modifying the aesthetic quality — I+."", ""NOT CODED — 'striped'"": ""'Striped' describes a pattern, not a codeable dimension in the 9 categories."", ""NOT CODED — 'all covered up'"": ""'All' here means completely obscured by other boxes — it could be considered I+, but the coder judges this as a spatial/positional description rather than a salient intensity modifier.""}","As a project in one of my classes, I had to make some candy which I put in a tin box and then I wrapped the box in striped wrapping paper. The next moment I was at the flower show and there I saw a display of the candy boxes which my classmates and I had wrapped. My box was all covered up by the oth"
norms-f_0087,"[""I+"", ""S+"", ""S-"", ""S+"", ""D+""]","[""S-"", ""S+"", ""S+"", ""I+""]",0.889,0.8,1.0,"{""I+ (very long)"": ""'Very' is an explicit high-intensity modifier applied to 'long'."", ""S+ (very long)"": ""'Long' is an explicit size+ descriptor applied to the store."", ""S- (narrow)"": ""'Narrow' is an explicit size− descriptor applied to the store."", ""S+ (huge piles)"": ""'Huge' is an explicit size+ descriptor applied to the piles of scrap rubber."", ""D+ (filled with smoke)"": ""'Filled' describes a bounded container (the store) being full — density+."", ""NOT CODED — 'cluttered'"": ""'Cluttered' describes disorganization/messiness, not clearly one of the 9 dimensions. It could be considered D+ but the coder reserves D+ for explicit fullness/crowding terms."", ""NOT CODED — 'ran' (friend ran, I ran)"": ""Running is an action verb, not an explicit velocity qualifier like 'quickly' or 'fast'.""}","I was working in a hardware store which was very long and narrow and cluttered with hardware products. My friend (m, 23) came in to see me. We were standing by two huge piles of scrap rubber which were located near the front door. My friend lit a cigarette. Before we knew it, the piles of scrap rubb"
norms-f_0088,"[""E-"", ""S+"", ""I+"", ""S-"", ""V+"", ""I+"", ""I+"", ""E-"", ""E+"", ""C+"", ""C+""]","[""E-"", ""I+"", ""A-"", ""S-"", ""I+"", ""E-"", ""A-"", ""C+"", ""E+"", ""C+"", ""I+""]",0.818,0.818,0.818,"{""E- (dingy bar)"": ""'Dingy' is a negative aesthetic evaluation — evaluation−."", ""S+ (many men)"": ""'Many' implies a large quantity — size+."", ""I+ (very noisy and smoky)"": ""'Very' is an explicit high-intensity modifier applied to dream content."", ""S- (small room)"": ""'Small' is an explicit size− word."", ""V+ (came running out)"": ""'Running' describes rapid movement — velocity+."", ""I+ (crying very hard)"": ""'Very' is an explicit high-intensity modifier."", ""I+ (felt very bad)"": ""'Very' is an explicit high-intensity modifier."", ""E- (dull brown)"": ""'Dull' is a negative aesthetic evaluation of the color/appearance — evaluation−."", ""E+ (beautiful orange color)"": ""'Beautiful' is a positive aesthetic evaluation — evaluation+."", ""C+ (brown)"": ""'Brown' is a chromatic color — color+."", ""C+ (orange)"": ""'Orange' is a chromatic color — color+."", ""NOT CODED — 'strange man'"": ""'Strange' describes the dreamer's perception of unfamiliarity, not clearly an aesthetic or moral evaluation."", ""NOT CODED — 'suddenly'"": ""Per codebook, 'suddenly' NEVER codes as V+."", ""NOT CODED — 'noisy and smoky'"": ""These describe sensory atmosphere, not standard quality dimensions. The 'very' modifying them is coded as I+."", ""NOT CODED — 'old' (my old)"": ""'Old' here means 'previous/former,' not aged or ancient — does not code A+."", ""NOT CODED — 'new one'"": ""'New' here means 'replacement,' not an age descriptor — does not code A−."", ""NOT CODED — 'disappointed'"": ""Simple emotion word without an explicit intensity modifier."", ""NOT CODED — ages (5), (45), (20)"": ""Parenthetical ages are character-coding notation, not descriptor words."", ""NOT CODED — 'at night'"": ""Setting/time description, not a descriptor in the 9 dimensions.""}",I was walking on Euclid at Wade Park at night. I had on my bridesmaid dress (which I wore at the wedding of my sister). Suddenly a strange man flashed a light in my face and laughed. Then he started chasing me and I ran into a dingy bar. There were many men at the bar and it was very noisy and smoky
norms-f_0089,"[""A+"", ""L-"", ""S+""]","[""L-"", ""S+""]",0.8,0.667,1.0,"{""L- (winding corridor)"": ""'Winding' explicitly describes the shape/path of the corridor — linearity−."", ""A+ (dusty antiques)"": ""'Antiques' implies old/ancient objects — age+."", ""S+ (fat)"": ""'Fat' describes a large body size — size+."", ""NOT CODED — 'open room'"": ""'Open' describes the room's layout/type, not a density or size dimension in a clearly codeable way."", ""NOT CODED — 'dusty'"": ""'Dusty' describes a physical condition, not one of the 9 descriptor dimensions."", ""NOT CODED — 'cluttered'"": ""'Cluttered' could suggest density, but it describes a state of disorganization rather than a bounded container being full/packed. Borderline but not coded."", ""NOT CODED — ages 'about 25', 'about 35-40'"": ""Specific numerical ages are character-coding notation, not descriptor words in the 9 dimensions."", ""NOT CODED — '(m, 23)'"": ""Parenthetical character notation, not a descriptor.""}","A friend of mine (m, 23) took me into a building in search of something (I don't know what). He opened a door and there was a winding corridor cluttered with dusty antiques. We followed the passageway until we came to an open room. Several men popped up from behind objects with rifles, and we were s"
norms-f_0090,"[""C+"", ""D+"", ""S+"", ""S+"", ""V+""]","[""V+"", ""S-"", ""S+"", ""C+"", ""D+""]",0.8,0.8,0.8,"{""V+ (driving faster)"": ""'Faster' is a comparative form of 'fast' — an explicit velocity+ descriptor."", ""S+ (short distance)"": ""Judgment call — 'short distance' describes a physical span, not a temporal metaphor. However, reconsidering: 'short distance' is a physical dimension descriptor = S−. Let me re-evaluate."", ""S+ (big blue car)"": ""'Big' is an explicit size+ word."", ""C+ (big blue car)"": ""'Blue' is a chromatic color — color+."", ""D+ (car was filled with many other people)"": ""'Filled' describes a bounded container (car) packed with people — density+."", ""NOT CODED — 'suddenly'"": ""Per codebook, 'suddenly' NEVER codes as V+."", ""NOT CODED — ages (both 45), [22], (50)"": ""Parenthetical ages are character-coding notation, not descriptor words."", ""NOT CODED — 'much glass'"": ""'Much' here describes quantity of glass but is borderline; coder chose not to code as S+."", ""NOT CODED — 'many other people'"": ""Already captured via D+ (filled). 'Many' reinforces the density coding."", ""NOT CODED — 'perfectly well'"": ""'Perfectly' modifies a health state, not a salient dream quality descriptor. Borderline I+ but the coder judged it insufficient.""}","I was in a car with my father and mother (both 45) and another person (perhaps my sister [22] but I am not sure). We were passing a golf course. Suddenly my father started driving faster, explaining that he had seen a man just drive his golf ball and he was afraid it might hit one of the windows in "
norms-f_0091,[],[],1.0,1.0,1.0,"{""NOT CODED — 'funny looks'"": ""'Funny' here means strange/odd as a social reaction, not an aesthetic or moral evaluation. It does not clearly fall into any of the 9 descriptor dimensions.""}","I dreamed I was in the smoking room of my dorm talking to the girls, and I started to complain of the piano playing of one of our dorm mates. The girls all gave each other funny looks. And one went out of the room and came back with the girl of whom I had been complaining. When I stopped talking in "
norms-f_0092,"[""S-""]","[""S-""]",1.0,1.0,1.0,"{""S- (small town)"": ""'Small' is an explicit size− descriptor applied to the town."", ""NOT CODED — 'foreign'"": ""'Foreign' describes unfamiliarity, not a descriptor in the 9 quality dimensions."", ""NOT CODED — 'first'"": ""Temporal/ordinal word, not a descriptor."", ""NOT CODED — 'determined'"": ""Describes the ticket girl's attitude/persistence, not a quality dimension.""}","I dreamed I was in a small town in New Hampshire, but some of the buildings and all of the people were foreign to that area. I seemed to feel the town was located in Cleveland, and I wanted to fly to New Hampshire. The ticket girl wouldn't sell me a ticket at first because she thought I just wanted "
norms-f_0093,"[""I+""]",[],0.0,0.0,0.0,"{""I+ (every classroom)"": ""Wait — re-reading: 'very classroom' appears to be a typo for 'every classroom.' 'Very' here is not functioning as an intensifier but as a transcription error for 'every.' However, taking the text literally, 'very' modifies 'classroom' as an intensifier. But this doesn't make semantic sense as an intensifier. Coder judgment: this is likely 'every' and should not be coded. Let me reconsider."", ""NOT CODED — 'very classroom'"": ""This appears to be a typo for 'every classroom.' 'Very' is not functioning as an intensity modifier here — it's a transcription error. Not coded as I+."", ""NOT CODED — 'constantly refused'"": ""'Constantly' describes frequency/persistence of action, not an intensity modifier in the codebook sense. It modifies how often, not how strongly."", ""NOT CODED — 'embarrassing'"": ""An emotional reaction, not a descriptor in the 9 dimensions without an explicit intensity modifier."", ""NOT CODED — 'wouldn't leave me alone'"": ""Describes behavior, not a codeable descriptor dimension.""}","There is a fellow on campus who keeps asking me for dates even though I have constantly refused him. I dreamed he was waiting for me outside very classroom and wouldn't leave me alone. If I went to Hayden, he was there. I sat with a group of sorority sisters and he moved in at the table, embarrassin"
norms-f_0094,"[""S+"", ""D+"", ""E+"", ""V+""]","[""S+"", ""D+"", ""E+"", ""I+"", ""V+""]",0.889,1.0,0.8,"{""S+ (high hill)"": ""'High' is an explicit size+ descriptor applied to the hill."", ""D+ (dense forest)"": ""'Dense' describes the forest as packed/thick — density+."", ""E+ (beauty of the surroundings)"": ""'Beauty' is a positive aesthetic evaluation — evaluation+."", ""V+ (as hard and fast as I could)"": ""'Fast' is an explicit velocity+ descriptor applied to running."", ""NOT CODED — 'dark' (started to grow dark)"": ""Atmospheric/setting darkness describing the time of day, not a specific object's color. Does not code as C−."", ""NOT CODED — 'hard' (ran as hard)"": ""'Hard' describes effort/intensity of running. Considered for I+ but 'hard' here is paired with 'fast' as part of an idiomatic expression of speed; the salient descriptor is 'fast' = V+."", ""NOT CODED — 'secluded'"": ""Describes the path's isolation, not a dimension in the 9 categories."", ""NOT CODED — 'frightened'/'fear'"": ""Emotion words without explicit intensity modifiers — not coded.""}","I was walking along a secluded path in the woods, with a high hill along one side, and dense forest on the other. I was conscious of the beauty of the surroundings. After walking for awhile, I came to a brook, stopped to take a drink, crossed the beach and walked onward. As it started to grow dark, "
norms-f_0095,"[""S+"", ""S-""]","[""S+"", ""S-""]",1.0,1.0,1.0,"{""S+ (long ocean voyage)"": ""'Long' explicitly describes the physical extent/duration of the voyage — size+."", ""S- (small platform)"": ""'Small' explicitly describes the size of the platform — size−."", ""NOT CODED — 'lower part of the vessel'"": ""'Lower' describes spatial position/location, not a size dimension."", ""NOT CODED — 'whole voyage'"": ""'Whole' means 'entire' and is not an intensity or size descriptor in the codebook sense."", ""NOT CODED — 'all of a sudden'"": ""'Suddenly' and its variants NEVER code as V+ per codebook rules."", ""NOT CODED — 'many different fellows'"": ""'Many' is a quantity word but borderline; the coder judged it not salient enough to code S+ here compared to more emphatic quantity words like 'millions of' or 'lots of'."", ""NOT CODED — 'iron railing'"": ""'Iron' describes material, not a color or other codeable dimension.""}","I dreamed I had to go on a long ocean voyage and I was in uniform of some branch of the military forces. Seats were assigned and I found my seat was on a small platform on the lower part of the vessel almost at water level. The platform was only protected from the elements by an iron railing, and th"
norms-f_0096,"[""A+""]","[""A+""]",1.0,1.0,1.0,"{""A+ (old friend)"": ""'Old' here means long-standing, which is borderline. However, 'old friend' can be read as describing the duration/age of the friendship. Coder judgment: 'old friend' is a common phrase meaning long-time friend, not aged. Reconsidering — this is actually NOT a clear A+ case."", ""NOT CODED — 'old friend' (reconsidered)"": ""'Old' here means 'long-standing' or 'former,' not aged or ancient. Per the rules, 'old' meaning previous or former does NOT code as A+."", ""NOT CODED — 'about 25'"": ""Specific age given as a number — not a descriptor word."", ""NOT CODED — 'short' (the dream itself is short)"": ""Metacognitive statement about the dream report, not dream content."", ""NOT CODED — 'rather puzzled'"": ""'Rather' is borderline I− and 'puzzled' is an emotional/cognitive reaction, not in the 9 dimensions. 'Rather' here is weak and does not meet the threshold for I−."", ""NOT CODED — 'happy'"": ""Simple emotion word without an explicit intensity modifier — does not code.""}","This dream concerns an artist friend of my husband's. He is an old friend and he and my husband have known each other since they were children. He is about 25. The dream itself is short. Only a fragment. In my dreams, I saw this friend of a fellow art student who was painting a picture. I felt rathe"
norms-f_0097,"[""A-"", ""I+"", ""I+"", ""I-"", ""L-""]","[""L-"", ""I+"", ""I+""]",0.75,0.6,1.0,"{""A- (modern curved line)"": ""'Modern' is an explicit age− descriptor — young/new/modern."", ""L- (curved line)"": ""'Curved' explicitly describes the shape of the line — linearity−."", ""I+ (very vividly)"": ""'Very' is an explicit high-intensity modifier applied to dream content (seeing the face)."", ""I+ (very much impressed)"": ""'Very much' is an explicit high-intensity modifier applied to the dreamer's reaction within the dream."", ""I- (just a little bit envious)"": ""'A little bit' is an explicit low-intensity modifier — intensity−."", ""NOT CODED — 'merely a fragment'"": ""Metacognitive statement about the dream report, not dream content."", ""NOT CODED — 'all that I can remember'"": ""Metacognitive framing statement."", ""NOT CODED — age 35"": ""Character age given as a number is notation, not a descriptor word.""}","This dream is merely a fragment, but it is all that I can remember. All that took place was in the home of my sister-in-law (my husband's brother's wife) who is 35. My sister-in-law and I were standing in the bathroom and were looking the room over. My sister-in-law began explaining to me the detail"
norms-f_0098,"[""A+"", ""E-""]","[""E-"", ""A+""]",1.0,1.0,1.0,"{""A+ (old witch)"": ""'Old' is an explicit age+ descriptor applied to the witch, describing her as aged."", ""E- (wicked old witch)"": ""'Wicked' is an explicit moral negative evaluation — evaluation−."", ""NOT CODED — 'rather short and fragmentary'"": ""This is a METACOGNITIVE statement about the dream report itself, not about dream content. 'Rather' and 'short' here do not code."", ""NOT CODED — 'strange land'"": ""'Strange' is a subjective perception, not clearly in the aesthetic/moral (E) dimension. Not coded."", ""NOT CODED — 'roaring overhead'"": ""Describes the manner of the planes' movement/sound, not a codeable velocity or intensity descriptor."", ""NOT CODED — 'relieved'"": ""Simple emotion word without an explicit intensity modifier — not coded."", ""NOT CODED — 'several soldiers'"": ""'Several' is a moderate quantity word, not implying large or small size.""}",This dream was rather short and fragmentary. I was off in some strange land - the Arctic or Siberia. Airplanes were roaring overhead and several soldiers in a fox hole surrounded by snow where reassuring me that these planes were not of the enemy. The enemy was a wicked old witch who was out to kill
norms-f_0099,"[""I+"", ""I+""]","[""I+"", ""I+""]",1.0,1.0,1.0,"{""I+ (very close)"": ""'Very' is an explicit high-intensity modifier applied to the proximity of the professor's face — I+."", ""I+ (very friendly)"": ""'Very' is a second explicit high-intensity modifier applied to the professor's demeanor — I+."", ""NOT CODED — 'smiling'"": ""Behavioral description, not a descriptor in the 9 dimensions."", ""NOT CODED — 'friendly'"": ""Simple trait/emotion word; 'very friendly' codes the 'very' as I+ but 'friendly' itself is not in the 9 dimensions."", ""NOT CODED — 'long dream'"": ""Metacognitive statement about the dream itself, not dream content."", ""NOT CODED — 'vague feeling'"": ""Metacognitive description of the dreamer's memory quality, not dream content.""}","This dream consisted merely of seeing one of my professor's faces very close. He appeared to be smiling and very friendly, and I had the feeling that he wished to help me through some difficulty which I had (what it was, I don't remember). When I awoke, I had the feeling that this was part of a long"
norms-f_0100,"[""I+"", ""I+"", ""I+""]","[""I+"", ""I+"", ""I+"", ""I+""]",0.857,1.0,0.75,"{""I+ (very upset)"": ""'Very' is an explicit high-intensity modifier applied to the dreamer's emotional state within dream content."", ""I+ (very sorry)"": ""'Very' is a second explicit high-intensity modifier applied to dream content emotion."", ""I+ (intense emotional outburst)"": ""'Intense' is an explicit high-intensity modifier describing the emotional outburst within the dream."", ""NOT CODED — 'very vivid'"": ""This is a METACOGNITIVE statement about the quality of the dream experience/visualization, not a descriptor of dream content. Not coded."", ""NOT CODED — 'suddenly'"": ""Per codebook, 'suddenly' NEVER codes as V+."", ""NOT CODED — 'alone'"": ""'Alone' describes social absence, not physical density of a bounded container. Not coded as D−."", ""NOT CODED — 'dead'"": ""Physical state, not a descriptor in the 9 dimensions."", ""NOT CODED — 'closed' (eyes closed)"": ""Physical state descriptor, not in the 9 dimensions.""}","In this dream I remember hearing the news that my mother had died. I remember feeling very upset at the news. I don't know who told me the news, but soon after I heard it, the telephone rang and I heard my father's voice. He called to tell me about my mother. When he spoke to me, I felt very sorry f"
