dream_id,pred_AP,gt_AP,f1_AP,precision_AP,recall_AP,pred_HA,gt_HA,f1_HA,precision_HA,recall_HA,pred_AN,gt_AN,f1_AN,precision_AN,recall_AN,pred_CO,gt_CO,f1_CO,precision_CO,recall_CO,pred_SD,gt_SD,f1_SD,precision_SD,recall_SD,mean_f1,f1_overall,precision_overall,recall_overall,reasoning,dream_report
norms-f_0051,[],[],1.0,1.0,1.0,[],[],1.0,1.0,1.0,[],[],1.0,1.0,1.0,[],[],1.0,1.0,1.0,[],[],1.0,1.0,1.0,1.0,1.0,1.0,1.0,"{""NOT CODED — bird flew out and got caught"": ""This is a surprising event, but the dreamer does not explicitly state any emotional reaction such as fear, surprise, or shock. No emotion word is used."", ""NOT CODED — general dream activities"": ""Shelling peas, climbing the stepladder, going to the attic — these are actions with no stated emotional language attached.""}","I dreamed that I and my family were Puritans. We were living the same house as we live in today, however. I was shelling peas, and was in an old-fashioned dress when a girlfriend of mine, Charlotte Kominsky (20) came over. She asked to borrow something (I can't remember what) and mother said, ""Bridg"
norms-f_0052,[],[],1.0,1.0,1.0,[],[],1.0,1.0,1.0,[],[],1.0,1.0,1.0,[],[],1.0,1.0,1.0,[],[],1.0,1.0,1.0,1.0,1.0,1.0,1.0,"{""NOT CODED — dancing in a beautiful ballroom"": ""Descriptive scene-setting. No emotional label is attributed to the dreamer or any character."", ""NOT CODED — drinking a cocktail, walking down staircase"": ""Physical activities with no stated emotion."", ""NOT CODED — argument with Chuck"": ""An argument is a social interaction/activity, but no explicit emotional label (e.g., angry, frustrated) is stated by the dreamer or Chuck."", ""NOT CODED — talking to Dad by the pool"": ""Conversational activity with no stated emotion.""}","This dream was a very disjointed one. I dreamed that I was at a Delta Tau Delta fraternity party. Here I was dancing in a beautiful ballroom of the type you see in movies and in a beautiful formal, with a friend of mine, Chuck Burka (25) who is a member of Reserve's chapter of Beta Theta Pi fraterni"
norms-f_0053,"[""D""]",[],0.0,0.0,0.0,[],[],1.0,1.0,1.0,"[""1MKA""]","[""1MKA""]",1.0,1.0,1.0,[],[],1.0,1.0,1.0,[],[],1.0,1.0,1.0,0.8,0.833,0.714,1.0,"{""1MKA AN (getting angry)"": ""The dreamer explicitly states 'I knew my husband was getting angry with me' — direct anger language attributed to Chuck."", ""D AP (knew he would bawl me out, rushed out)"": ""The dreamer states 'I knew my husband was getting angry with me and would bawl me out when we got home, so when the bell rang, I rushed out' — the dreamer's awareness of impending punishment and her rushing to avoid him indicates implicit fear/apprehension. However, re-examining: the dreamer does not use an explicit emotion word for herself (afraid, nervous, worried). She describes knowing he'd be angry and her action of rushing out. This is borderline — but the anticipatory avoidance behavior ('rushed out of the door and didn't wait for him') combined with 'I knew my husband was getting angry… and would bawl me out' suggests the dreamer recognized the threat sufficiently to flee. The knowledge of impending confrontation and avoidance behavior implies apprehension, but no explicit emotion word is used for the dreamer herself."", ""NOT CODED — D AP reconsideration"": ""On reflection, the dreamer does not use an explicit apprehension word (afraid, nervous, worried, anxious). She describes knowing Chuck would be angry and her behavioral response of rushing out. Per coding rules, emotions must be stated, not inferred from actions. Removing this coding.""}","I dreamed that Chuck Branden, my boyfriend (22) and I were in the Lasalle Theatre. There were about four other young boys in the show with us, all unknown to me, and all about the age of 10 to 12. As a matter of fact, they all resembled each other in looks Instead of watching the movie, they were al"
norms-f_0054,[],[],1.0,1.0,1.0,[],[],1.0,1.0,1.0,[],[],1.0,1.0,1.0,[],[],1.0,1.0,1.0,[],[],1.0,1.0,1.0,1.0,1.0,1.0,1.0,"{""NOT CODED — jumping out of the window repeatedly"": ""This is an activity (locomotion), not a stated emotion. No emotional language such as fear, excitement, or enjoyment is used by the dreamer."", ""NOT CODED — about to land in a puddle"": ""A situational description with no explicit emotional reaction stated.""}","I dreamed that I was jumping out of the window of the Washington Monument in Washington, D.C. I would jump out, run back up the stairs and jump out again. After doing this three or four times, I jumped again and was about to land in a puddle when I woke up."
norms-f_0055,"[""D""]","[""D""]",1.0,1.0,1.0,"[""D"", ""1FKA""]",[],0.0,0.0,0.0,[],[],1.0,1.0,1.0,"[""D""]","[""D""]",1.0,1.0,1.0,[],[],1.0,1.0,1.0,0.8,0.533,0.364,1.0,"{""D AP (a little frightened at seeing the cadaver)"": ""The dreamer explicitly states 'I remember being a little frightened at the thought of seeing the cadaver for the first time' — direct fear/apprehension language."", ""D CO (surprised at finding him looking so natural)"": ""The dreamer explicitly says 'surprised at finding him looking so natural and not finding his hands, feet and face bound up' — explicit surprise, coded as CO."", ""D HA (thought it was funny and laughed)"": ""The dreamer explicitly states 'Lois and I also thought it was funny and laughed a good deal' — amusement/happiness at being the only ones who couldn't find the beads."", ""1FKA HA (thought it was funny and laughed)"": ""Lois (1FKA — one known female adult) is also explicitly described as thinking it was funny and laughing along with the dreamer — explicit happiness/amusement."", ""NOT CODED — lab instructor helping"": ""No emotional state is attributed to the lab instructor. He simply came over to help — an action, not a stated emotion.""}","I dreamed that a friend of mine, Lois Watkins (20), and I were working in physiology lab on a cadaver. We were working specifically on the stomach of this male cadaver, trying to find red beads in his kidney. I remember that we were the only ones who were unable to find the red beads, and at last ou"
norms-f_0056,"[""D""]",[],0.0,0.0,0.0,[],[],1.0,1.0,1.0,[],[],1.0,1.0,1.0,[],[],1.0,1.0,1.0,[],"[""D""]",0.0,0.0,0.0,0.6,0.5,0.5,0.5,"{""D AP (very upset about the tie)"": ""The dreamer explicitly states 'I was very upset about it' — 'upset' codes as AP (apprehension/distress)."", ""NOT CODED — 'much excitement and confusion'"": ""This describes the atmosphere/setting of the ballroom party, not a specific character's emotional state. No character is said to personally feel excited or confused."", ""NOT CODED — 'I disliked the thought'"": ""This expresses a cognitive preference or displeasure about giving the gift, but 'disliked the thought' is a mild evaluative statement rather than an explicit emotion label. It does not clearly rise to AN (anger/disgust) — it describes a reaction to a situation rather than an explicitly labeled emotional state.""}","Upon entering a ballroom where a big costume party was taking place, I was confronted with many people and much excitement and confusion. The place was gaily decorated. Hanging from the ceiling were streamers which were all entangled. Upon looking around, I saw that all the men there were wearing th"
norms-f_0057,[],[],1.0,1.0,1.0,[],[],1.0,1.0,1.0,[],[],1.0,1.0,1.0,[],[],1.0,1.0,1.0,[],"[""1MSA""]",0.0,0.0,0.0,0.8,0.0,0.0,0.0,"{""NOT CODED — 'supposed to make me very tense'"": ""The dreamer says the method was 'supposed to' make her tense — this describes the intended effect of the procedure, not a stated emotional experience. The dreamer does not say she actually felt tense."", ""NOT CODED — 'He didn't seem too disappointed'"": ""This is a negated/minimized emotion — 'didn't seem too disappointed' effectively communicates the absence of disappointment rather than a clearly stated emotional experience. Do not code absence or near-absence of emotion."", ""NOT CODED — concentrating hard"": ""Concentrating is a cognitive state, not an emotion.""}","I was sitting in the front seat of a car with a man I cannot identify. We were in a very close embrace, but instead of kissing me, he was trying to make me stutter. His method involved my repeating certain words after him. This was supposed to make me very tense. Then he asked me some questions and "
norms-f_0058,[],[],1.0,1.0,1.0,[],[],1.0,1.0,1.0,"[""D""]","[""D""]",1.0,1.0,1.0,"[""D""]","[""D""]",1.0,1.0,1.0,[],[],1.0,1.0,1.0,1.0,1.0,1.0,1.0,"{""D CO (quite shocked to discover it was my mother)"": ""The dreamer explicitly says 'I was quite shocked to discover that it was my mother' — shock/surprise is coded as Confusion (CO)."", ""D AN (furious at myself)"": ""The dreamer explicitly states 'I was furious at myself for not having done so' — fury is a direct anger word, coded as AN."", ""NOT CODED — conflicting thoughts about introducing them"": ""The dreamer describes two conflicting cognitive decisions ('I will / I won't introduce them') but does not attach an explicit emotional label to this moment of indecision. No CO or other emotion is stated here.""}","This fellow and I were walking arm and arm thru the parking lot of a Greensurgh hotel. The entrance faces the lot and we walked straight by it, but a considerable distance. I could see a woman scrubbing the floor of the vestibule. I was quite shocked to discover that it was my mother. This fellow ne"
norms-f_0059,[],[],1.0,1.0,1.0,[],[],1.0,1.0,1.0,"[""D""]","[""D""]",1.0,1.0,1.0,"[""D""]",[],0.0,0.0,0.0,[],[],1.0,1.0,1.0,0.8,0.667,0.5,1.0,"{""D CO (couldn't understand roommate officiating)"": ""The dreamer explicitly states 'This I couldn't understand' regarding why her roommate was officiating — direct confusion/puzzlement language."", ""D AN (just furious)"": ""The dreamer explicitly states 'I was just furious' after being scolded a second time — fury is a clear anger word."", ""NOT CODED — roommate scolding"": ""The roommate scolds and insists, but no explicit emotional label (e.g., angry, annoyed) is attributed to her. These are verbal actions, not stated emotions."", ""NOT CODED — the arguments"": ""The arguments are described as activities/interactions. No additional emotional labels beyond 'furious' are given to the dreamer or any other character."", ""NOT CODED — dreamer trying to explain innocence"": ""This is a verbal action, not a stated emotion. No frustration or distress word is explicitly used in those moments beyond the already-coded fury.""}",I was sitting in some sort of classroom in the first row in the next to the last seat. It was an intersorority council meeting and my roommate was officiating and sat at the teacher's desk. This I couldn't understand because she isn't even a member of a sorority. I was sitting sidewards in the chair
norms-f_0060,"[""D""]","[""D""]",1.0,1.0,1.0,[],[],1.0,1.0,1.0,[],[],1.0,1.0,1.0,[],[],1.0,1.0,1.0,[],[],1.0,1.0,1.0,1.0,1.0,1.0,1.0,"{""D AP (it disturbed me greatly)"": ""The dreamer explicitly states 'it disturbed me greatly' — 'disturbed' is coded as AP (apprehension/distress)."", ""NOT CODED — they didn't seem to mind"": ""This describes the ABSENCE of negative emotion in the crowd. Absence of emotion is not coded."", ""NOT CODED — hundreds of people shouting"": ""This is an activity/event, not a stated emotion for those characters. No explicit emotional label is given to the crowd beyond 'didn't seem to mind.'""}","I was planning on going to a costume party. I had given the kind of costume that I was to wear much thought. I met someone I knew, who was also going to the same party and she asked me what I was going as. I told her that I would dress as a game of bridge. At that moment, hundreds of people appeared"
norms-f_0061,"[""D""]","[""D""]",1.0,1.0,1.0,[],[],1.0,1.0,1.0,[],[],1.0,1.0,1.0,[],[],1.0,1.0,1.0,[],[],1.0,1.0,1.0,1.0,1.0,1.0,1.0,"{""D AP (terribly afraid of the man)"": ""The dreamer explicitly states 'I was terribly afraid of him' — a clear apprehension/fear label experienced within the dream."", ""NOT CODED — 'was very much afraid' upon waking"": ""This fear is described after waking up ('I woke up after the dream and was very much afraid') — emotions experienced upon waking are not coded."", ""NOT CODED — hiding behind a chair"": ""This is a behavioral action (hiding), not a stated emotion. The fear is already captured by the explicit 'terribly afraid' statement."", ""NOT CODED — heart beating quickly"": ""This is a physical sensation described after waking, not an explicitly labeled emotion within the dream.""}","I dreamed that a man continually would come to my dormitory, ring the doorbell and while he waited at the door, I would hide in the living room behind a chair until I would see him leave. I seemed to be aware of the fact that I was terribly afraid of him, although I had never seen him before and he "
norms-f_0062,"[""D""]","[""D""]",1.0,1.0,1.0,[],[],1.0,1.0,1.0,[],[],1.0,1.0,1.0,[],[],1.0,1.0,1.0,[],[],1.0,1.0,1.0,1.0,1.0,1.0,1.0,"{""D AP (afraid of having a fever)"": ""The dreamer explicitly states 'I was afraid that I really had a fever' — direct apprehension language."", ""NOT CODED — mercury running around the room"": ""This is a surreal event with no stated emotional reaction from the dreamer. No surprise, confusion, or fear word is used in response.""}","I dreamed that somebody was taking my temperature. I was afraid that I really had a fever, so I didn't want the person to come near me with the thermometer. Someone had said not to touch the thermometer on a certain point - otherwise the mercury would all run out in a steady stream. I must have touc"
norms-f_0063,[],[],1.0,1.0,1.0,[],[],1.0,1.0,1.0,[],[],1.0,1.0,1.0,[],[],1.0,1.0,1.0,[],[],1.0,1.0,1.0,1.0,1.0,1.0,1.0,"{""NOT CODED — asking friend what happened"": ""The dreamer asks a question about the bandage, but no emotional word (e.g., worried, concerned) is used. This is a verbal activity, not a stated emotion."", ""NOT CODED — friend's broken wrist"": ""No emotional state is attributed to the friend. He simply explains what happened. Do not infer pain or distress without explicit emotional language.""}","I dreamed that Dean Dolan was explaining the construction of some English sentences to me. I had them all correct except one which she switched around to make it the right construction. Then we walked out of the classroom since she a class and so did I. As we came out into the hall, I saw a friend o"
norms-f_0064,[],[],1.0,1.0,1.0,[],[],1.0,1.0,1.0,[],[],1.0,1.0,1.0,[],[],1.0,1.0,1.0,[],[],1.0,1.0,1.0,1.0,1.0,1.0,1.0,"{""NOT CODED — girl asking questions to trip dreamer"": ""The girl's behavior (asking probing questions) suggests possible suspicion or intent to catch the dreamer in a lie, but no emotional word is used to describe anyone's feelings. Actions and intentions are not emotions."", ""NOT CODED — dreamer's situation of being questioned"": ""The dreamer describes the situation but never states feeling nervous, embarrassed, afraid, or any other emotion. No explicit emotional language is present.""}","I dreamed that I was sitting at a table with a girl in my dormitory, her boyfriend and either 2 or 3 other people whom I don't recall. Anyhow, the girl was asking me all sorts of questions about a dance I was supposed to have attended last week, but to which I never went. I had signed out for this d"
norms-f_0065,[],[],1.0,1.0,1.0,[],[],1.0,1.0,1.0,[],[],1.0,1.0,1.0,[],[],1.0,1.0,1.0,"[""D""]","[""D""]",1.0,1.0,1.0,1.0,1.0,1.0,1.0,"{""D SD (hurt that he didn't ask her name)"": ""The dreamer explicitly states 'I was hurt that he didn't ask me what my name was' — 'hurt' in this context expresses disappointment/unhappiness, which falls under sadness (SD)."", ""NOT CODED — couldn't understand his name"": ""The dreamer says 'I couldn't understand it' referring to the long name, but this is a perceptual/practical difficulty (not being able to make out the name), not an explicit statement of the dreamer feeling puzzled or bewildered as an emotional state. It does not meet the threshold for CO."", ""NOT CODED — admiring my ring"": ""The naval lieutenant admired the ring, but admiration here is a social compliment/act, not one of the five coded emotion types."", ""NOT CODED — boy pinned to another girl"": ""No emotional reaction is explicitly stated by the dreamer upon hearing this news.""}",The dream began when a friend of mine came and told me that a boy whom I had dated a few times and whom I haven't seen for several weeks was pinned to another girl who was supposed to live next door to my dorm. (The only person living there is an old woman and a few servants.) Then the dream shifted
norms-f_0066,[],[],1.0,1.0,1.0,"[""D""]",[],0.0,0.0,0.0,[],"[""D""]",0.0,0.0,0.0,[],[],1.0,1.0,1.0,[],[],1.0,1.0,1.0,0.6,0.5,0.5,0.5,"{""D HA (got so excited)"": ""The dreamer explicitly says 'I got so excited' — excitement is coded as Happiness in H/VdC."", ""NOT CODED — Nancy laughing"": ""Laughing is a behavior, not an explicitly stated emotion. The dreamer says 'I think Nancy was laughing' and that the actions seemed 'amusing' to her, but no explicit emotional label (e.g., 'she was happy' or 'she was amused') is directly attributed to Nancy as an inner state. 'Amusing' describes how the actions appeared, not a stated emotion."", ""NOT CODED — 'pretend I was disturbed'"": ""The dreamer says 'I don't know whether my feelings were of wanting to hurt her or just to pretend I was disturbed.' The word 'pretend' indicates the dreamer is uncertain whether the disturbance was genuine. This ambiguity and the hypothetical framing means no definite emotion is stated."", ""NOT CODED — sarcastic hum torments me"": ""The dreamer says the hum 'in real life torments me to some extent' — this is a waking-life description, not an emotion experienced within the dream itself."", ""NOT CODED — Nancy resisting strenuously"": ""Physical resistance is a behavior/activity, not a stated emotion. No fear or anger word is attributed to Nancy.""}","Two friends, Nancy (19) my ex-roommate and Julia, girl living across the hall in my dorm and I were in a bathroom chatting. Nancy replied to my statement with a rather sarcastic hum which in real life torments me to some extent. I got so excited that I took her head in my hands and banged it twice a"
norms-f_0067,[],[],1.0,1.0,1.0,[],[],1.0,1.0,1.0,[],[],1.0,1.0,1.0,[],[],1.0,1.0,1.0,"[""1FKA""]",[],0.0,0.0,0.0,0.8,0.0,0.0,0.0,"{""1FKA SD (Tia weeping bitterly)"": ""Tia is described as 'weeping bitterly' in response to being left behind — the person who was supposed to take her didn't come. This is explicit grief/sadness behavior tied to a stated loss/disappointment, coded as SD."", ""NOT CODED — dreamer inquired what happened"": ""The dreamer asks a question but does not express any explicit emotion. No emotional label is stated."", ""NOT CODED — seeing old home and familiar faces"": ""These are observational descriptions of the dream setting. No emotional reaction is explicitly stated by the dreamer.""}",I dreamed this dream the night before my friend Tia Sticapoulou went to New York. I dreamed I saw her walking down the street with another of my friends on the day that she was to leave. I inquired as to what had happened. She replied that she waited for a number of hours and that the person didn't 
norms-f_0068,[],[],1.0,1.0,1.0,[],[],1.0,1.0,1.0,[],[],1.0,1.0,1.0,[],[],1.0,1.0,1.0,[],[],1.0,1.0,1.0,1.0,1.0,1.0,1.0,"{""NOT CODED — 'I said fine and grinned'"": ""Grinning is a behavior/action, not an explicitly stated emotion. The dreamer does not say she was happy, pleased, or excited."", ""NOT CODED — 'I was very conscious of him wearing a brown checked jacket'"": ""This is a perceptual/cognitive awareness, not an emotional state."", ""NOT CODED — 'I can't explain how he asked me'"": ""This is a narrative reflection on memory, not a stated emotion like confusion or puzzlement experienced within the dream.""}","All that I can remember is that I was at some type of social function. Someone came up to me and asked me to dance, and some time later this same individual in exactly the same manner asked me again. I can't explain how he asked me, but I do know that it was in the exact same way. The second time I "
norms-f_0069,[],[],1.0,1.0,1.0,"[""D"", ""1MFA"", ""1FFA""]","[""1MFA"", ""D""]",0.714,0.556,1.0,[],[],1.0,1.0,1.0,"[""2MKA""]","[""2JRA""]",0.5,0.5,0.5,[],[],1.0,1.0,1.0,0.843,0.69,0.588,0.833,"{""D HA (happiness and love for my child)"": ""The dreamer explicitly states 'The happiness and love for my child... was predominant in the dream' — direct happiness language."", ""1MFA HA (father overjoyed)"": ""The dreamer's father is described as 'overjoyed' — explicit happiness label for the father (1MFA)."", ""1FFA HA (both were overjoyed)"": ""The dreamer says 'both were overjoyed' referring to both parents. The mother (1FFA) shares in the explicit 'overjoyed' label."", ""2MKA CO (everyone seemed surprised)"": ""The dream states 'Everyone seemed surprised at my having a baby' — 'surprised' is explicit confusion/surprise language. The group of relations is coded as a plural known group. Since the uncle is the only individually named relation and the rest are vague ('relations'), coding the surprised group as 2MKA (multiple known male adults, approximation for the group including uncle and others)."", ""NOT CODED — no pain during birth"": ""A physical sensation (or lack thereof), not an emotional state."", ""NOT CODED — baby's activity and beauty"": ""Descriptions of the baby's appearance and behavior, not a stated emotion of a character."", ""NOT CODED — telling everyone she was married to Bob"": ""A verbal act/assertion, not a stated emotional reaction.""}","In my dream I was in bed aware of the fact that I was about to give birth to a baby. I fell into a deep sleep or when I woke the baby had been born. I had no pain and there was no evidence of afterbirth. At the time my parents were away and on returning both were overjoyed, especially my father (thi"
norms-f_0070,[],[],1.0,1.0,1.0,[],[],1.0,1.0,1.0,[],[],1.0,1.0,1.0,[],[],1.0,1.0,1.0,[],[],1.0,1.0,1.0,1.0,1.0,1.0,1.0,"{""NOT CODED — remarking about more proctors than students"": ""The dreamer makes an observation/comment about the ratio of proctors to students. This is a verbal remark, not an explicitly stated emotion. No frustration, annoyance, surprise, or other emotional word is used."", ""NOT CODED — the exam setting"": ""Taking an exam could imply nervousness, but no emotional word (e.g., nervous, anxious, worried) is stated. Do not infer emotions from situations."", ""NOT CODED — descriptions of proctors and their outfits"": ""These are visual observations with no emotional language attached.""}","I had to take an exam in the psych lab. When I entered, there were tables over the whole place. The lab was just one room, not the way it actually is. There were chairs along the wall all occupied with people who are proctors. There seemed to be more of them than students taking the exam. One girl, "
norms-f_0071,"[""D""]","[""D""]",1.0,1.0,1.0,[],[],1.0,1.0,1.0,[],[],1.0,1.0,1.0,[],[],1.0,1.0,1.0,[],[],1.0,1.0,1.0,1.0,1.0,1.0,1.0,"{""D AP (very worried about leaving the car)"": ""The dreamer explicitly states 'I was very worried about leaving the car parked on the steep hill' — worry is a direct apprehension/anxiety label, coded as AP."", ""NOT CODED — little fairy creature playing with controls"": ""The creature's behavior is described but no emotional state is attributed to it. 'Playing' is an activity, not a stated emotion."", ""NOT CODED — peaceful lake"": ""This describes the lake/setting, not a character's emotional state."", ""NOT CODED — parting from father"": ""No emotional language is used to describe the parting.""}","My father was driving me up a very steep hill in our car, and my young brother (15) was with us. When we reached the top, we got out of the car and parted for my father was going one way and I the other. I was very worried about leaving the car parked on the steep hill because some little fairy like"
norms-f_0072,[],[],1.0,1.0,1.0,[],[],1.0,1.0,1.0,[],[],1.0,1.0,1.0,[],[],1.0,1.0,1.0,[],[],1.0,1.0,1.0,1.0,1.0,1.0,1.0,"{""NOT CODED — 'I didn't want to sign something and later get into trouble'"": ""This expresses a desire to avoid trouble and a decision to leave, but no explicit emotion word (e.g., afraid, nervous, worried) is used. It is a cognitive/strategic calculation, not a stated emotional experience.""}","I was just about to enter my sociology class when I saw a few girls (unknown to me) seated at a table across the hall. I, too, sat down there. Then my instructor came and began talking to the girls. I thought that if I kept silent, he wouldn't notice I didn't belong and my presence would do no harm."
norms-f_0073,[],[],1.0,1.0,1.0,[],[],1.0,1.0,1.0,[],[],1.0,1.0,1.0,[],[],1.0,1.0,1.0,[],[],1.0,1.0,1.0,1.0,1.0,1.0,1.0,"{""NOT CODED — 'I had the feeling he had acquired one of them only recently'"": ""This is a cognitive impression or intuition about the man's condition, not an explicitly stated emotion."", ""NOT CODED — 'loving wife'"": ""'Loving' describes the wife's character or disposition toward her husband, not an explicitly stated emotional experience within the dream. It is a trait description, not a momentary emotion."", ""NOT CODED — 'horrible condition'"": ""This describes the man's physical state, not a stated emotion experienced by any character."", ""NOT CODED — 'I also had the feeling that both my fiance and I knew him'"": ""Another cognitive impression/intuition, not a stated emotion.""}",The only visible person was a man who had freakish limbs. At the end of each arm and leg there was either a stump or only one or two fingers or toes. I had the feeling he had acquired one of them only recently. I seemed to know that this man had a loving wife who would not leave him because of his h
norms-f_0074,[],[],1.0,1.0,1.0,[],[],1.0,1.0,1.0,[],[],1.0,1.0,1.0,"[""D""]","[""D"", ""D"", ""D""]",0.5,1.0,0.333,[],[],1.0,1.0,1.0,0.9,0.5,1.0,0.333,"{""D CO (quite surprised)"": ""The dreamer explicitly states 'I remember being quite surprised' — surprise is coded as Confusion (CO)."", ""NOT CODED — 'I wondered why she was with me since I didn't like her'"": ""This is a cognitive act (wondering) and a stated dislike/opinion, not an explicitly labeled emotion. 'Didn't like her' is a general attitude, not an emotion experienced in the moment reaching the threshold of anger/annoyance."", ""NOT CODED — 'I wondered whether she might not want to hinder me'"": ""This is a cognitive suspicion or thought, not an explicitly stated emotional label such as fear or worry.""}","I was shopping for lipstick and was with a girl with whom I had been close friends in high school, but now am unfriendly with. I wondered why she was with me since I didn't like her. She was helping me choose a lipstick and I wondered whether she might not want to hinder me. The girl showed me a cou"
norms-f_0075,[],[],1.0,1.0,1.0,[],[],1.0,1.0,1.0,[],[],1.0,1.0,1.0,[],[],1.0,1.0,1.0,[],[],1.0,1.0,1.0,1.0,1.0,1.0,1.0,"{""NOT CODED — brother upsetting the room"": ""The brother's actions are described as spiteful behavior, but no explicit emotion word (e.g., angry, amused) is attributed to him. 'To spite me' describes his motive/intent, not a stated emotional experience."", ""NOT CODED — dreamer pleading and begging"": ""Pleading and begging are verbal/behavioral actions, not stated emotions. The dreamer does not use an explicit emotional label such as 'frustrated,' 'angry,' 'upset,' or 'desperate.'"", ""NOT CODED — person said he couldn't help"": ""No emotional reaction is explicitly stated by the dreamer or the other person in response to this refusal.""}",All I remember of this dream is that my brother (16) re-entered a room I was in. He began upsetting everything in the room and doing everything he could to dirty it up--emptying the earth from flower pots was one specific way I remember. He was doing all this to spite me because I pleaded with him n
norms-f_0076,[],[],1.0,1.0,1.0,[],[],1.0,1.0,1.0,[],[],1.0,1.0,1.0,"[""D""]",[],0.0,0.0,0.0,[],[],1.0,1.0,1.0,0.8,0.0,0.0,0.0,"{""D CO (couldn't understand why the two girls were dressed up)"": ""The dreamer explicitly states 'I couldn't understand why the two girls were dressed up for such an occasion' — this is direct puzzlement/confusion language, coded as CO."", ""NOT CODED — liked the coats very much"": ""'I liked very much' expresses a preference or aesthetic appreciation, not an explicit happiness/joy emotion label. It is closer to a cognitive evaluation than a stated emotional state such as 'I was happy' or 'I was delighted.'"", ""NOT CODED — being quite successful fishing"": ""This describes the outcome of an activity, not an explicitly stated emotion. No happiness or satisfaction word is used.""}","I dreamed of 2 girls (I know them personally and always think of them together) both dressed exactly alike. They were beautiful silver-white fur coats which I liked very much. Both were very dressed up, and I remember especially that they wore light blue dresses. We were at a lakeshore. Some older p"
norms-f_0077,[],[],1.0,1.0,1.0,[],[],1.0,1.0,1.0,[],[],1.0,1.0,1.0,[],[],1.0,1.0,1.0,[],[],1.0,1.0,1.0,1.0,1.0,1.0,1.0,"{""NOT CODED — father commending"": ""The father praises the dreamer and her sister, but no explicit emotional word (e.g., happy, pleased, proud) is used to describe his or anyone's internal state."", ""NOT CODED — father complaining about not being able to hunt"": ""Complaining is a verbal activity, not an explicitly stated emotion. No anger, frustration, or sadness word is used."", ""NOT CODED — 'I don't think the reason is very clear'"": ""This is a narrative comment about the dream's coherence, not an explicit statement of the dreamer feeling confused or puzzled.""}","I dreamed that my father was commending my sister and me for picking two bushels of apples. One of the bushels of apples was, I distinctly remember, yellow. My father went on to complain about not being able to hunt. I don't think the reason is very clear. He said something about the oven not being "
norms-f_0078,[],[],1.0,1.0,1.0,[],[],1.0,1.0,1.0,[],[],1.0,1.0,1.0,[],[],1.0,1.0,1.0,[],[],1.0,1.0,1.0,1.0,1.0,1.0,1.0,"{""NOT CODED — dreamer on railroad tracks"": ""The dreamer explicitly states 'I don't remember feeling any particular emotion.' No emotional language is used."", ""NOT CODED — father present"": ""No emotional state is attributed to the father in either dream segment."", ""NOT CODED — father removing object from tracks before approaching train"": ""This is an action/situation description. No fear, anxiety, or other emotional word is explicitly stated for the father or the dreamer.""}","I dreamed of being on railroad tracks. I don't remember feeling any particular emotion. There were several tracks, and moving locomotives, and I remember that my father was present. Another dream I had similar to this one involved my father trying to remove something from the tracks before an approa"
norms-f_0079,[],[],1.0,1.0,1.0,[],[],1.0,1.0,1.0,[],[],1.0,1.0,1.0,"[""D""]","[""D""]",1.0,1.0,1.0,[],[],1.0,1.0,1.0,1.0,1.0,1.0,1.0,"{""D CO (very puzzled about the $80)"": ""The dreamer explicitly states 'I was very puzzled about it' — direct confusion/puzzlement language, coded as CO."", ""NOT CODED — mother and father grinning"": ""Grinning is a physical behavior/action, not an explicitly stated emotional label. No emotion word like 'happy' or 'pleased' is used for the parents."", ""NOT CODED — dreamer demanding from mother"": ""Demanding is a verbal activity, not an explicitly stated emotion. No anger or frustration word is used."", ""NOT CODED — 'It took me a while to accept the fact'"": ""This is a cognitive process (acceptance/realization), not an explicitly labeled emotion.""}",I dreamed that I was home for a vacation. I was demanding from my mother that she tell me what a certain $80 was for. I was very puzzled about it and wanted to know its source. I remember then seeing my mother and father grinning at each other and right away I realized that it was they who had given
norms-f_0080,"[""D""]","[""D"", ""1MKA""]",0.333,1.0,0.2,"[""D"", ""D"", ""1MKA""]","[""D + 1MKA"", ""2JYA""]",0.182,0.167,0.2,[],[],1.0,1.0,1.0,"[""D""]","[""D""]",1.0,1.0,1.0,"[""D""]","[""D""]",1.0,1.0,1.0,0.703,0.727,0.8,0.667,"{""D AP (very worried about who to ask)"": ""The dreamer explicitly states 'I was very worried about who to ask' — worry is apprehension."", ""D SD (disappointed about the camelia)"": ""The dreamer explicitly states 'I was disappointed' about the pink camelia not being as beautiful as expected — disappointment is coded as sadness."", ""D CO (he surprised me very much)"": ""The dreamer says 'He surprised me very much slipping a diamond ring on my finger' and adds 'I had no idea that he was going to propose' — explicit surprise, coded as confusion."", ""D HA (we were both extremely happy)"": ""The dreamer explicitly states 'We were both extremely happy' — direct happiness language for the dreamer."", ""1MKA HA (we were both extremely happy)"": ""Milt is included in 'We were both extremely happy' — explicit happiness attributed to him as well. Milt is a known male adult (1MKA)."", ""D HA (whole family was very happy for us)"": ""The family's happiness is stated ('They were all very happy for us'), but separately the dreamer and Milt's shared happiness is one episode. However, re-reading: the family members are happy — coding them. Actually, let me reconsider: the family's happiness is a separate group coding. The dreamer's happiness is already coded from the 'extremely happy' statement. The family members are coded separately below."", ""NOT CODED — family as separate HA"": ""The family members are described as 'all very happy for us.' This is explicit happiness for the family group. They should be coded. Revising output."", ""NOT CODED — 1MKA looked a little bit ashamed"": ""Milt 'looked a little bit ashamed' — shame/embarrassment could be coded as AP (social fear). However, the phrasing 'a little bit ashamed' is borderline. Still, 'ashamed' is explicit emotional language describing embarrassment, which codes as AP. Revising output."", ""NOT CODED — 'I didn't feel jealous though'"": ""The dreamer explicitly states the ABSENCE of jealousy. Absence of emotion is not coded."", ""NOT CODED — unable to reach Milt / operators listening"": ""Situations without explicit emotional labels. No fear or frustration word is stated.""}","I was planning on going to a big formal dance, one of the Mather dances to which the girls invite their boyfriends. I was very worried about who to ask, and for some reason I didn't want to ask Milt. A girlfriend of mine I don't know who, got me a blind date for the affair. The night of the dance I "
norms-f_0081,"[""D""]","[""D""]",1.0,1.0,1.0,[],[],1.0,1.0,1.0,[],[],1.0,1.0,1.0,[],[],1.0,1.0,1.0,[],[],1.0,1.0,1.0,1.0,1.0,1.0,1.0,"{""D AP (worried about gallivanting while dying)"": ""The dreamer explicitly states 'It worried me to be doing this' — worry is an explicit apprehension word, coded as AP."", ""NOT CODED — waiting for death"": ""The dreamer describes waiting to die but does not use an explicit fear, sadness, or other emotion word about this. The situation alone does not warrant a coding."", ""NOT CODED — town not like Albuquerque"": ""The dreamer notes the discrepancy between the dream town and real Albuquerque, but does not express puzzlement or confusion as a personal emotional reaction — it is a narrative observation."", ""NOT CODED — gradually regained life"": ""No explicit emotion word (e.g., relief, happiness) is stated about this recovery within the dream.""}","I dreamed I was dying. I had all the symptoms, and was just waiting for the end. But at the same time, I was about and carrying on carious activities with friends. It worried me to be doing this, because I was supposed to die, and I didn't know how much gallivanting I should be doing. Somehow these "
norms-f_0082,[],[],1.0,1.0,1.0,[],[],1.0,1.0,1.0,[],[],1.0,1.0,1.0,[],[],1.0,1.0,1.0,[],[],1.0,1.0,1.0,1.0,1.0,1.0,1.0,"{""NOT CODED — eyes stuck and trying hard to move them"": ""This describes a physical struggle (eyes wouldn't move, tried hard to get them unstuck), not an explicitly stated emotion. No fear, frustration, confusion, or other emotional word is used by the dreamer.""}","I was in a movie watching it very intently. When the movie was over, I discovered I had dropped some article which I had been holding. But when I tried to look for it, I found my eyes would not move from their previous position of looking up at the movie. I tried hard for a long time to get them uns"
norms-f_0083,[],[],1.0,1.0,1.0,"[""D""]","[""D""]",1.0,1.0,1.0,[],[],1.0,1.0,1.0,[],[],1.0,1.0,1.0,[],[],1.0,1.0,1.0,1.0,1.0,1.0,1.0,"{""D HA (very happy and proud)"": ""The dreamer explicitly states 'I was very happy and proud' upon seeing the friend's weight loss — direct happiness language."", ""NOT CODED — friend's surprise visit"": ""No emotional state is explicitly attributed to the friend. 'He had done it to surprise me' describes his intention, not a stated emotion.""}","I dreamed of a very good friend of mine. He is 32, works at Marshall Field and Co. in Chicago. He is very overweight, but with such a personality that everyone likes him. In the dream he came here to Cleveland to see me. When he arrived, I found he had lost a lot of weight, really looked swell. He h"
norms-f_0084,[],[],1.0,1.0,1.0,[],[],1.0,1.0,1.0,[],[],1.0,1.0,1.0,[],[],1.0,1.0,1.0,[],[],1.0,1.0,1.0,1.0,1.0,1.0,1.0,"{""NOT CODED — running away from the friend"": ""The dreamer and girlfriend ran to 'disown' the friend's loud behavior, but no explicit emotion word (embarrassment, fear, etc.) is stated. Running is a behavior, not a stated emotion."", ""NOT CODED — 'he looked so awful'"": ""This describes the friend's appearance/behavior, not an explicitly labeled emotion experienced by the dreamer or girlfriend."", ""NOT CODED — friend acting up to be funny"": ""The friend's behavior is described but no emotional state (e.g., happiness, amusement) is explicitly attributed to him."", ""NOT CODED — being chased"": ""A situational event with no stated emotional reaction.""}","I was back working at Marshall Field and Co. in Chicago. It was quitting time and my girlfriend (20) and I were riding down the escalator accompanied by a friend of ours. He is a very overweight person, age 32, and dressed in a striking manner. Flag red shirt, Kelley green jacket and brown trousers."
norms-f_0085,[],[],1.0,1.0,1.0,[],[],1.0,1.0,1.0,[],"[""1FKA""]",0.0,0.0,0.0,"[""D""]",[],0.0,0.0,0.0,[],[],1.0,1.0,1.0,0.6,0.0,0.0,0.0,"{""D CO (couldn't understand the teacher's behavior)"": ""The dreamer explicitly says 'I didn't know what I had done or said, and hence couldn't understand Mis blank's behavior' — this is direct confusion/puzzlement language, coded as CO."", ""NOT CODED — teacher's disdain and disgust"": ""The teacher's 'look of disdain' and 'look of disgust' describe her facial expressions/behavior as perceived by the dreamer, but no explicit emotional word is attributed to the teacher's internal state (e.g., 'she felt disgusted'). These are the dreamer's interpretations of looks, not stated emotions of the teacher. Borderline, but the text says 'a look of disgust' — this could be read as attributing disgust to the teacher. However, since these are descriptions of outward expressions rather than explicitly stated inner feelings, and no emotion verb is used for the teacher, they are not coded."", ""NOT CODED — cold lack of response"": ""This describes the teacher's behavior (not responding), not an explicitly stated emotion."", ""NOT CODED — dreamer's reaction to the cold treatment"": ""The dreamer does not explicitly state feeling sad, hurt, or upset about the teacher's behavior. The emotional language is limited to confusion about the cause.""}","I dreamed of my last year's English teacher. In real life she is a good friend of mine, in my dream she was a good friend of mine, out of a blue sky she could do nothing but look at me with disdain; not a word passed between us. It was my birthday and I was having a small party. My teacher was there"
norms-f_0086,[],[],1.0,1.0,1.0,[],[],1.0,1.0,1.0,[],[],1.0,1.0,1.0,[],[],1.0,1.0,1.0,[],[],1.0,1.0,1.0,1.0,1.0,1.0,1.0,"{""NOT CODED — box covered up by others"": ""This is a situational description. The dreamer does not state any emotional reaction such as disappointment or sadness."", ""NOT CODED — others were more beautifully wrapped"": ""This is an observation/comparison, not an explicitly stated emotion. No embarrassment, sadness, or frustration word is used."", ""NOT CODED — unwrapping to rewrap"": ""This is an action/activity. No emotional language accompanies it.""}","As a project in one of my classes, I had to make some candy which I put in a tin box and then I wrapped the box in striped wrapping paper. The next moment I was at the flower show and there I saw a display of the candy boxes which my classmates and I had wrapped. My box was all covered up by the oth"
norms-f_0087,[],[],1.0,1.0,1.0,[],[],1.0,1.0,1.0,[],[],1.0,1.0,1.0,[],[],1.0,1.0,1.0,[],[],1.0,1.0,1.0,1.0,1.0,1.0,1.0,"{""NOT CODED — fire and smoke in the store"": ""This is a dangerous situation, but neither the dreamer nor the friend explicitly states any emotion such as fear or panic. Running is a physical action, not a stated emotion."", ""NOT CODED — friend running out the front door"": ""Running is a behavior/activity. No emotional label is given to the friend."", ""NOT CODED — dreamer running to get purse"": ""Again, a physical action without any stated emotional reaction.""}","I was working in a hardware store which was very long and narrow and cluttered with hardware products. My friend (m, 23) came in to see me. We were standing by two huge piles of scrap rubber which were located near the front door. My friend lit a cigarette. Before we knew it, the piles of scrap rubb"
norms-f_0088,"[""D"", ""D""]","[""D""]",0.667,0.5,1.0,[],[],1.0,1.0,1.0,[],[],1.0,1.0,1.0,[],[],1.0,1.0,1.0,"[""D"", ""1FKC"", ""D""]","[""D""]",0.286,0.167,1.0,0.791,0.471,0.308,1.0,"{""D AP #1 (didn't know what to do)"": ""The dreamer says 'I didn't know what to do' after being chased into a dingy bar full of strange men — this expresses distress/apprehension in a threatening situation, coded as AP."", ""D AP #2 (kept worrying about the time)"": ""The dreamer explicitly states 'I kept worrying about the time' — worry is explicit apprehension language. This is a distinct scene (the designer's shop) with a different trigger (time pressure/missing the wedding)."", ""1FKC SD (crying very hard)"": ""The dreamer's young female cousin (coded 1FKC — one known female child, age 5) 'was crying very hard because she thought she had gotten separated from me' — crying tied to a stated cause of distress/loss, coded as SD."", ""D SD #1 (felt very bad for having left her)"": ""The dreamer explicitly says 'I felt very bad for having left her' — guilt/remorse expressing sadness about the cousin's distress, coded as SD."", ""D SD #2 (disappointed about the dress color)"": ""The dreamer explicitly states 'I was disappointed because it was a dull brown whereas the original had been a beautiful orange color' — disappointment is coded as SD."", ""NOT CODED — strange man laughed"": ""The man laughed, but laughter is a behavior, not a stated emotion. No explicit happiness word is attributed to him."", ""NOT CODED — being chased by the man"": ""This is a situation/action. The dreamer does not explicitly state fear during the chase itself."", ""NOT CODED — no one would let me call my parents / didn't know where I was"": ""These describe the dreamer's circumstances. 'Didn't know where I was' describes disorientation of location, but within the context of the ongoing worry scene already coded as AP. No separate explicit confusion emotion word is used.""}",I was walking on Euclid at Wade Park at night. I had on my bridesmaid dress (which I wore at the wedding of my sister). Suddenly a strange man flashed a light in my face and laughed. Then he started chasing me and I ran into a dingy bar. There were many men at the bar and it was very noisy and smoky
norms-f_0089,[],[],1.0,1.0,1.0,[],[],1.0,1.0,1.0,[],[],1.0,1.0,1.0,[],[],1.0,1.0,1.0,[],[],1.0,1.0,1.0,1.0,1.0,1.0,1.0,"{""NOT CODED — men popping up with rifles"": ""This is a threatening situation, but the dreamer does not explicitly state any fear, nervousness, or apprehension. No emotional label is used."", ""NOT CODED — being stopped and led to a waiting room"": ""Actions and events are described, but no emotional reaction is explicitly stated by the dreamer or any other character."", ""NOT CODED — friend taken away"": ""A potentially distressing event, but no emotional word is used to describe anyone's feelings about it."", ""NOT CODED — police collecting the gang"": ""An event is described with no stated emotional reactions from any characters.""}","A friend of mine (m, 23) took me into a building in search of something (I don't know what). He opened a door and there was a winding corridor cluttered with dusty antiques. We followed the passageway until we came to an open room. Several men popped up from behind objects with rifles, and we were s"
norms-f_0090,"[""1MKA""]","[""1MFA""]",0.75,0.75,0.75,[],[],1.0,1.0,1.0,[],[],1.0,1.0,1.0,[],[],1.0,1.0,1.0,[],[],1.0,1.0,1.0,0.95,0.8,0.8,0.8,"{""1MKA AP (father afraid golf ball might hit window)"": ""The father explicitly states he 'was afraid it might hit one of the windows' — direct apprehension language."", ""NOT CODED — dreamer hit by golf ball"": ""The dreamer is struck by the ball and injured, but no emotional reaction (fear, pain as emotion, distress) is explicitly stated by the dreamer."", ""NOT CODED — bump disappearing / seeming perfectly well"": ""This describes a physical recovery, not an explicitly stated emotion such as relief or happiness."", ""NOT CODED — party scene"": ""No emotional language is used to describe anyone's feelings at the party.""}","I was in a car with my father and mother (both 45) and another person (perhaps my sister [22] but I am not sure). We were passing a golf course. Suddenly my father started driving faster, explaining that he had seen a man just drive his golf ball and he was afraid it might hit one of the windows in "
norms-f_0091,"[""D""]","[""D""]",1.0,1.0,1.0,[],[],1.0,1.0,1.0,[],[],1.0,1.0,1.0,[],[],1.0,1.0,1.0,[],[],1.0,1.0,1.0,1.0,1.0,1.0,1.0,"{""D AP (stopped talking in embarrassment)"": ""The dreamer explicitly states 'I stopped talking in embarrassment' — embarrassment is social apprehension, coded as AP."", ""NOT CODED — complaining about piano playing"": ""Complaining is a verbal activity, not an explicitly labeled emotion. No anger or annoyance word is used by the dreamer."", ""NOT CODED — girls gave each other funny looks"": ""This describes the other characters' behavior, not an explicitly stated emotional state."", ""NOT CODED — girls said for me to continue"": ""This is a verbal act, not an emotional label for the other characters.""}","I dreamed I was in the smoking room of my dorm talking to the girls, and I started to complain of the piano playing of one of our dorm mates. The girls all gave each other funny looks. And one went out of the room and came back with the girl of whom I had been complaining. When I stopped talking in "
norms-f_0092,[],[],1.0,1.0,1.0,[],[],1.0,1.0,1.0,[],[],1.0,1.0,1.0,[],[],1.0,1.0,1.0,[],[],1.0,1.0,1.0,1.0,1.0,1.0,1.0,"{""NOT CODED — arguing with the ticket girl"": ""Arguing is a verbal activity/interaction, not an explicitly stated emotion. The dreamer does not say she felt angry, frustrated, or annoyed."", ""NOT CODED — the ticket girl's determination"": ""The ticket girl being 'determined' describes her stance/behavior, not an explicitly labeled emotion from the five categories."", ""NOT CODED — town feeling foreign / confusion about location"": ""The dreamer says the buildings and people 'were foreign to that area' and she 'seemed to feel the town was located in Cleveland' — these describe the dream's spatial oddity, not an explicit emotional reaction like puzzlement or bewilderment."", ""NOT CODED — awakening before seeing friend"": ""No emotional label is stated about disappointment or sadness regarding not seeing the friend.""}","I dreamed I was in a small town in New Hampshire, but some of the buildings and all of the people were foreign to that area. I seemed to feel the town was located in Cleveland, and I wanted to fly to New Hampshire. The ticket girl wouldn't sell me a ticket at first because she thought I just wanted "
norms-f_0093,"[""D""]","[""D""]",1.0,1.0,1.0,[],[],1.0,1.0,1.0,[],[],1.0,1.0,1.0,[],[],1.0,1.0,1.0,[],[],1.0,1.0,1.0,1.0,1.0,1.0,1.0,"{""D AP (embarrassing me by asking me for a date)"": ""The dreamer explicitly states 'embarrassing me' — embarrassment is a form of social apprehension, coded as AP."", ""NOT CODED — wouldn't leave me alone"": ""This describes the fellow's persistent behavior, not an explicitly stated emotion of the dreamer. No emotion word is used here."", ""NOT CODED — the fellow's persistence"": ""No emotional state is explicitly attributed to the fellow (1MSA). His actions (waiting, following, asking for dates) are behaviors, not stated emotions.""}","There is a fellow on campus who keeps asking me for dates even though I have constantly refused him. I dreamed he was waiting for me outside very classroom and wouldn't leave me alone. If I went to Hayden, he was there. I sat with a group of sorority sisters and he moved in at the table, embarrassin"
norms-f_0094,"[""D""]","[""D""]",1.0,1.0,1.0,[],[],1.0,1.0,1.0,[],[],1.0,1.0,1.0,[],[],1.0,1.0,1.0,[],[],1.0,1.0,1.0,1.0,1.0,1.0,1.0,"{""D AP (something happened to frighten me / distinctly aware of that fear)"": ""The dreamer explicitly states 'Something happened to frighten me,' references 'my fear,' and says 'I am distinctly aware of that fear in my dream' and 'I was still unexplainably frightened when I awoke.' The fear within the dream is clearly stated — coded as AP."", ""NOT CODED — conscious of the beauty of the surroundings"": ""This is an aesthetic observation or perceptual awareness, not an explicitly labeled emotion such as happiness, pleasure, or delight. 'Conscious of the beauty' describes noticing the scenery, not a stated emotional state."", ""NOT CODED — frightened when I awoke"": ""The post-waking fright is not coded as a separate emotion because it is a continuation of the same fear episode from the dream, not a new in-dream event.""}","I was walking along a secluded path in the woods, with a high hill along one side, and dense forest on the other. I was conscious of the beauty of the surroundings. After walking for awhile, I came to a brook, stopped to take a drink, crossed the beach and walked onward. As it started to grow dark, "
norms-f_0095,[],[],1.0,1.0,1.0,[],[],1.0,1.0,1.0,[],[],1.0,1.0,1.0,[],[],1.0,1.0,1.0,"[""D""]","[""D""]",1.0,1.0,1.0,1.0,1.0,1.0,1.0,"{""D SD (regretting I'd forgotten my knitting)"": ""The dreamer explicitly states 'regretting I'd forgotten my knitting' — regret is a form of disappointment/unhappiness, coded as SD."", ""NOT CODED — waves flooding the floor"": ""This is a situational description, not a stated emotion. The dreamer does not say she was afraid or anxious about the waves."", ""NOT CODED — asking why assigned to the seat"": ""The dreamer asks a question but does not express an explicit emotion such as confusion, anger, or fear about the assignment."", ""NOT CODED — dancing with many fellows"": ""Activity description with no stated emotional reaction.""}","I dreamed I had to go on a long ocean voyage and I was in uniform of some branch of the military forces. Seats were assigned and I found my seat was on a small platform on the lower part of the vessel almost at water level. The platform was only protected from the elements by an iron railing, and th"
norms-f_0096,[],[],1.0,1.0,1.0,"[""D""]","[""D""]",1.0,1.0,1.0,[],[],1.0,1.0,1.0,"[""D""]","[""D""]",1.0,1.0,1.0,[],[],1.0,1.0,1.0,1.0,1.0,1.0,1.0,"{""D CO (felt rather puzzled)"": ""The dreamer explicitly states 'I felt rather puzzled at seeing him at art school and back in Cleveland' — direct confusion/puzzlement language."", ""D HA (felt happy about the fact that he returned)"": ""The dreamer explicitly states 'I felt happy about the fact that he returned' — direct happiness language."", ""NOT CODED — friend disliked Chicago and his job"": ""The friend says he 'disliked' Chicago and his job. While 'dislike' could suggest displeasure, it is a mild cognitive preference statement rather than an explicit emotion word fitting one of the five categories strongly. It does not clearly meet the threshold for AN (anger/disgust/irritation) or SD (sadness/grief). It is more of a stated opinion/preference."", ""NOT CODED — friend preferred going to school"": ""This is a stated preference, not an emotional label.""}","This dream concerns an artist friend of my husband's. He is an old friend and he and my husband have known each other since they were children. He is about 25. The dream itself is short. Only a fragment. In my dreams, I saw this friend of a fellow art student who was painting a picture. I felt rathe"
norms-f_0097,[],[],1.0,1.0,1.0,[],[],1.0,1.0,1.0,[],[],1.0,1.0,1.0,[],[],1.0,1.0,1.0,[],[],1.0,1.0,1.0,1.0,1.0,1.0,1.0,"{""NOT CODED — 'very much impressed by her plans'"": ""Being 'impressed' describes an admiring cognitive appraisal rather than one of the five codable emotion types. It does not clearly map to happiness, confusion, or any other H/VdC emotion category."", ""NOT CODED — 'just a little bit envious'"": ""Envy does not fit neatly into any of the five H/VdC emotion categories (AP, HA, AN, CO, SD). It is not anger/disgust, not sadness, and not apprehension. Since the five types are exhaustive and envy does not clearly belong, it is not coded.""}","This dream is merely a fragment, but it is all that I can remember. All that took place was in the home of my sister-in-law (my husband's brother's wife) who is 35. My sister-in-law and I were standing in the bathroom and were looking the room over. My sister-in-law began explaining to me the detail"
norms-f_0098,[],[],1.0,1.0,1.0,"[""D""]","[""D""]",1.0,1.0,1.0,[],[],1.0,1.0,1.0,[],[],1.0,1.0,1.0,[],[],1.0,1.0,1.0,1.0,1.0,1.0,1.0,"{""D HA (felt relieved at their reassurance)"": ""The dreamer explicitly states 'I felt relieved at their reassurance' — relief experienced within the dream itself counts as happiness/contentment (HA)."", ""NOT CODED — soldiers reassuring the dreamer"": ""The soldiers perform the act of reassuring, but no explicit emotional state is attributed to them."", ""NOT CODED — the witch being killed"": ""No emotional reaction is explicitly stated by the dreamer upon learning of the witch's death or seeing the hole. Do not infer relief or satisfaction without an explicit emotion word."", ""NOT CODED — enemy threat / planes overhead"": ""These describe the situation and setting, not a stated emotion. No fear or apprehension word is used by the dreamer in this context.""}",This dream was rather short and fragmentary. I was off in some strange land - the Arctic or Siberia. Airplanes were roaring overhead and several soldiers in a fox hole surrounded by snow where reassuring me that these planes were not of the enemy. The enemy was a wicked old witch who was out to kill
norms-f_0099,[],[],1.0,1.0,1.0,[],[],1.0,1.0,1.0,[],[],1.0,1.0,1.0,[],[],1.0,1.0,1.0,[],[],1.0,1.0,1.0,1.0,1.0,1.0,1.0,"{""NOT CODED — professor smiling and very friendly"": ""These describe the professor's outward behavior and demeanor (smiling, friendly appearance), not an explicitly stated inner emotional state like 'he was happy' or 'he felt pleased.' Smiling is a behavior, and 'friendly' describes manner/disposition rather than a stated emotion."", ""NOT CODED — 'I had the feeling that he wished to help me'"": ""This is a perception/intuition about the professor's intention, not an explicitly labeled emotion for either the dreamer or the professor."", ""NOT CODED — 'some difficulty which I had'"": ""A situation is referenced but no emotional word (fear, sadness, frustration, etc.) is attached to it."", ""NOT CODED — feelings upon waking"": ""The dreamer's post-waking impressions ('When I awoke, I had the feeling…') are not emotions experienced within the dream and are not coded."", ""NOT CODED — 'vague feeling that other students were standing around'"": ""This is a perceptual impression about the dream scene, not a stated emotion.""}","This dream consisted merely of seeing one of my professor's faces very close. He appeared to be smiling and very friendly, and I had the feeling that he wished to help me through some difficulty which I had (what it was, I don't remember). When I awoke, I had the feeling that this was part of a long"
norms-f_0100,"[""D""]","[""D""]",1.0,1.0,1.0,[],[],1.0,1.0,1.0,[],[],1.0,1.0,1.0,[],[],1.0,1.0,1.0,"[""D"", ""D"", ""D""]","[""D"", ""D""]",0.8,0.667,1.0,0.96,0.857,0.75,1.0,"{""D SD #1 (feeling very upset at the news)"": ""The dreamer explicitly states 'feeling very upset at the news' of the mother's death. 'Upset' in the context of grief over a death is sadness/grief — SD."", ""D SD #2 (felt very sorry for him and pitied him)"": ""The dreamer says 'I felt very sorry for him and suddenly pitied him because he would be alone' — this is a distinct emotional moment triggered by the father's situation (sympathy/sorrow), separate from the initial grief at the news. Coded as SD."", ""D SD #3 (intense emotional outburst of tears)"": ""The dreamer describes 'an intense emotional outburst of tears' when thinking of the mother — explicit grief/crying tied to the loss. This is a third distinct trigger: thinking of the mother herself (distinct from hearing the news and from pitying the father). SD."", ""D AP (fear and dread of going to funeral)"": ""The dreamer explicitly states 'sensing a fear and dread of going to my mother's funeral' — direct fear/apprehension language. AP."", ""NOT CODED — father's emotions"": ""The father calls to tell the dreamer about the mother's death, but no explicit emotional state is attributed to him in the text. Do not infer his grief."", ""NOT CODED — visualizing mother's face"": ""This is a visual experience, not a stated emotion. No emotional label accompanies this moment.""}","In this dream I remember hearing the news that my mother had died. I remember feeling very upset at the news. I don't know who told me the news, but soon after I heard it, the telephone rang and I heard my father's voice. He called to tell me about my mother. When he spoke to me, I felt very sorry f"
