dream_id,pred_objects,gt_objects,f1,precision,recall,reasoning,dream_report
norms-f_0051,"[""AR"", ""AR"", ""AR"", ""FO"", ""CL"", ""IT"", ""AD"", ""NA"", ""BH"", ""BT""]","[""AR"", ""CL"", ""AR"", ""AR"", ""HH"", ""AD"", ""BH"", ""BH"", ""FO""]",0.737,0.7,0.778,"{""AR (the house)"": ""The family's house — a residential dwelling explicitly described as where they live."", ""AR (my room)"": ""The dreamer's room — a distinct residential space she goes up to."", ""AR (the attic)"": ""The attic — a distinct residential space within the house, explicitly named and entered."", ""FO (peas)"": ""Food item — the dreamer is shelling peas."", ""CL (old-fashioned dress)"": ""Clothing — explicitly described garment the dreamer is wearing."", ""IT (stepladder)"": ""A tool/apparatus used to climb up to the attic."", ""AD (door to the attic)"": ""Architectural detail — a door that the dreamer pulls back."", ""NA (bird)"": ""A bird — nature/animal object that flies out."", ""BH (hair)"": ""Head/hair — explicitly described as a body part the bird gets caught in."", ""BT (neck)"": ""Torso region — explicitly described as a body part the bird gets caught against.""}","I dreamed that I and my family were Puritans. We were living the same house as we live in today, however. I was shelling peas, and was in an old-fashioned dress when a girlfriend of mine, Charlotte Kominsky (20) came over. She asked to borrow something (I can't remember what) and mother said, ""Bridg"
norms-f_0052,"[""AE"", ""CL"", ""FO"", ""AD"", ""AR"", ""AD"", ""NA""]","[""AE"", ""CL"", ""AD"", ""AR"", ""AR"", ""RG"", ""FO""]",0.714,0.714,0.714,"{""AE (beautiful ballroom)"": ""Entertainment venue — a ballroom at a fraternity party, used for dancing and recreation."", ""CL (beautiful formal)"": ""Clothing — the dreamer is wearing a formal dress."", ""FO (cocktail)"": ""Food/drink item — an alcoholic beverage."", ""AD (long spiral staircase)"": ""Architectural detail — a staircase within the building."", ""AR (very large and beautiful house)"": ""Residential building — a house the dreamer is at."", ""AD (veranda)"": ""Architectural detail — part of the house structure (like a porch/balcony)."", ""NA (huge swimming pool)"": ""Nature/miscellaneous — a swimming pool as a distinct physical feature. Coded NA as a water feature."", ""NOT CODED — 'Delta Tau Delta fraternity party'"": ""The party is an event, not a physical object. The ballroom is already coded as AE."", ""NOT CODED — 'Hollywood'"": ""Hollywood is mentioned as background context for where Samuel Goldwyn's studios are — the dreamer is not physically present there."", ""NOT CODED — 'Metro Goldwyn Mayer studios'"": ""Mentioned as background ownership information, not a physical space the dreamer enters or encounters.""}","This dream was a very disjointed one. I dreamed that I was at a Delta Tau Delta fraternity party. Here I was dancing in a beautiful ballroom of the type you see in movies and in a beautiful formal, with a friend of mine, Chuck Burka (25) who is a member of Reserve's chapter of Beta Theta Pi fraterni"
norms-f_0053,"[""AE"", ""CM"", ""HH"", ""AV"", ""RG"", ""AD""]","[""AE"", ""CM"", ""HH"", ""AV"", ""HH"", ""AD""]",0.833,0.833,0.833,"{""AE (Lasalle Theatre)"": ""A theater — entertainment building explicitly entered and described as a physical space."", ""CM (comic books)"": ""Communication objects — books/reading material the boys are reading."", ""HH (couch)"": ""Household furniture — the dreamer is lying on a couch."", ""AV (school room)"": ""A classroom — vocational/educational building explicitly entered."", ""RG (Euclid, Ohio)"": ""Named geographic area — the dreamer references it as the location of the school setting."", ""AD (the door)"": ""Architectural detail — the dreamer rushed out of the door."", ""NOT CODED — 'the movie'"": ""The movie is implied but not described as a distinct physical object; the boys are reading instead of watching it."", ""NOT CODED — 'home'"": ""Home is mentioned as a future destination ('when we got home') but not physically present in the dream scene."", ""NOT CODED — 'the bell'"": ""The bell is heard but is not a distinct physical object encountered in the scene; it is an auditory event.""}","I dreamed that Chuck Branden, my boyfriend (22) and I were in the Lasalle Theatre. There were about four other young boys in the show with us, all unknown to me, and all about the age of 10 to 12. As a matter of fact, they all resembled each other in looks Instead of watching the movie, they were al"
norms-f_0054,"[""AM"", ""AD"", ""AD"", ""RG"", ""NA""]","[""AD"", ""AM"", ""AD"", ""NA""]",0.889,0.8,1.0,"{""AM (Washington Monument)"": ""A monument — architectural miscellaneous structure."", ""AD (window)"": ""Architectural detail — the window the dreamer jumps out of."", ""AD (stairs)"": ""Architectural detail — the staircase the dreamer runs back up."", ""RG (Washington, D.C.)"": ""Named geographic region the dreamer is physically present in."", ""NA (puddle)"": ""Natural water feature — a puddle on the ground.""}","I dreamed that I was jumping out of the window of the Washington Monument in Washington, D.C. I would jump out, run back up the stairs and jump out again. After doing this three or four times, I jumped again and was about to land in a puddle when I woke up."
norms-f_0055,"[""AV"", ""BA"", ""BA"", ""MS"", ""HH"", ""BE"", ""BE"", ""BH"", ""BH""]","[""AV"", ""BT"", ""BA"", ""BA"", ""HH"", ""BE"", ""BE"", ""BH""]",0.824,0.778,0.875,"{""AV (physiology lab)"": ""A laboratory setting for educational/vocational purposes — coded as vocational architecture."", ""BA (stomach)"": ""Internal body part explicitly mentioned as an object of attention during dissection."", ""BA (kidney)"": ""Internal organ explicitly mentioned — they were searching for beads in the kidney."", ""MS (red beads)"": ""Small objects being searched for inside the cadaver — miscellaneous objects that don't fit other categories."", ""HH (lab table)"": ""Furniture — the last lab table where they were working."", ""BE (hands)"": ""Extremities explicitly described as uncovered and noted as objects of attention."", ""BE (feet)"": ""Extremities explicitly described as uncovered and noted as objects of attention."", ""BH (face)"": ""Head region explicitly described as uncovered and noted as an object of attention."", ""BH (blond hair)"": ""Head feature — the cadaver is described as a blond man, explicitly noting hair appearance."", ""NOT CODED — cadaver as a whole"": ""The cadaver is a character/body rather than a distinct object; specific body parts are coded individually."", ""NOT CODED — medical school"": ""Referenced as a comparison context, not a physical space the dreamer inhabits.""}","I dreamed that a friend of mine, Lois Watkins (20), and I were working in physiology lab on a cadaver. We were working specifically on the stomach of this male cadaver, trying to find red beads in his kidney. I remember that we were the only ones who were unable to find the red beads, and at last ou"
norms-f_0056,"[""AE"", ""AD"", ""AD"", ""CL"", ""CL"", ""BH""]","[""AE"", ""IR"", ""CL"", ""BH"", ""AD"", ""CL""]",0.833,0.833,0.833,"{""AE (ballroom)"": ""A ballroom hosting a costume party — entertainment venue."", ""AD (ceiling)"": ""The ceiling from which streamers hang — architectural detail."", ""AD (walls)"": ""The walls covered with tie replicas — architectural detail."", ""CL (streamers — decorations)"": ""Streamers hanging from the ceiling are decorative items; however, streamers are more miscellaneous. Re-evaluating: streamers are decorations, not clothing. They could be MS. But the main coded clothing objects are the ties. Let me reconsider: streamers = MS."", ""CL (the identical tie worn by all men)"": ""Clothing item — the tie with the red, white and blue design and face, worn by all men and covering the walls."", ""CL (the tie bought for brother)"": ""A second distinct tie — the one bought for the brother, without the face. Distinct instance."", ""BH (horrible man's face on the tie)"": ""A face is explicitly described as a visual element — head/face as object of attention.""}","Upon entering a ballroom where a big costume party was taking place, I was confronted with many people and much excitement and confusion. The place was gaily decorated. Hanging from the ceiling were streamers which were all entangled. Upon looking around, I saw that all the men there were wearing th"
norms-f_0057,"[""TR""]","[""TR"", ""TR""]",0.667,1.0,0.5,"{""TR (car)"": ""A car — travel/conveyance object explicitly described as the setting where the dreamer is sitting."", ""NOT CODED — 'front seat'"": ""The seat is part of the car (TR), not a separate object."", ""NOT CODED — body parts"": ""No body parts are singled out as distinct objects of attention; the embrace is an action, not a description of a body part.""}","I was sitting in the front seat of a car with a man I cannot identify. We were in a very close embrace, but instead of kissing me, he was trying to make me stutter. His method involved my repeating certain words after him. This was supposed to make me very tense. Then he asked me some questions and "
norms-f_0058,"[""RG"", ""AR"", ""AD"", ""AM""]","[""BE"", ""BE"", ""RG"", ""AR"", ""AD"", ""AR""]",0.6,0.75,0.5,"{""RG (parking lot)"": ""A parking lot is a bounded land area — coded as RG."", ""AR (Greensburgh hotel)"": ""A hotel is a residential building — coded as AR."", ""AD (entrance)"": ""The entrance/doorway of the hotel is an architectural detail."", ""AM (vestibule)"": ""A vestibule is a passageway/connecting space within a building, not a distinct residential room — coded as AM."", ""NOT CODED — 'floor'"": ""The floor is part of the vestibule space, not a separately described architectural detail. The scrubbing action draws attention to the mother, not the floor as an object."", ""NOT CODED — 'woman/mother'"": ""Characters are not coded as objects.""}","This fellow and I were walking arm and arm thru the parking lot of a Greensurgh hotel. The entrance faces the lot and we walked straight by it, but a considerable distance. I could see a woman scrubbing the floor of the vestibule. I was quite shocked to discover that it was my mother. This fellow ne"
norms-f_0059,"[""AV"", ""HH"", ""HH""]","[""AV"", ""HH"", ""HH""]",1.0,1.0,1.0,"{""AV (classroom)"": ""A classroom setting — vocational/educational building space explicitly described."", ""HH (chair)"": ""The dreamer is sitting in a chair — household furniture."", ""HH (teacher's desk)"": ""The roommate sat at the teacher's desk — household furniture.""}",I was sitting in some sort of classroom in the first row in the next to the last seat. It was an intersorority council meeting and my roommate was officiating and sat at the teacher's desk. This I couldn't understand because she isn't even a member of a sorority. I was sitting sidewards in the chair
norms-f_0060,"[""CL""]","[""CL""]",1.0,1.0,1.0,"{""CL (costume)"": ""The dreamer's costume is a garment/worn item — clothing object. The dream explicitly discusses the costume the dreamer plans to wear."", ""NOT CODED — 'costume party'"": ""The party venue is implied but never explicitly described as a physical space the dreamer enters."", ""NOT CODED — 'game of bridge'"": ""This is the concept/theme of the costume, not a physical object like a card game present in the scene."", ""NOT CODED — hundreds of people's costumes"": ""While hundreds of people appear wearing the same costume concept, these are not individually described as distinct clothing objects of attention — they are a mass reference to the same idea. The dreamer's own costume is the object of attention.""}","I was planning on going to a costume party. I had given the kind of costume that I was to wear much thought. I met someone I knew, who was also going to the same party and she asked me what I was going as. I told her that I would dress as a game of bridge. At that moment, hundreds of people appeared"
norms-f_0061,"[""AR"", ""AR"", ""AD"", ""HH"", ""BA""]","[""AR"", ""HH"", ""AD"", ""AR"", ""HH""]",0.8,0.8,0.8,"{""AR (dormitory)"": ""The dreamer's dormitory — a residential building explicitly entered and inhabited."", ""AR (living room)"": ""A distinct residential room within the dormitory where the dreamer hides."", ""AD (doorbell/door)"": ""The door and doorbell are architectural details of the building — the man rings the doorbell and waits at the door."", ""HH (chair)"": ""A chair the dreamer hides behind — household furniture."", ""BA (heart)"": ""The dreamer's heart is explicitly mentioned as beating quickly — an internal body part singled out as an object of attention.""}","I dreamed that a man continually would come to my dormitory, ring the doorbell and while he waited at the door, I would hide in the living room behind a chair until I would see him leave. I seemed to be aware of the fact that I was terribly afraid of him, although I had never seen him before and he "
norms-f_0062,"[""IT"", ""IT""]","[""IT"", ""MS"", ""AR""]",0.4,0.5,0.333,"{""IT (thermometer)"": ""A medical apparatus/instrument used for taking temperature — coded as a tool."", ""IT (mercury)"": ""A substance contained within the thermometer that runs out — this is a material/substance from the instrument. However, mercury is a distinct physical object that spills around the room. It could be MS, but since it is part of a medical/measurement device context, IT is appropriate. On reflection, mercury as a substance running around the room is better coded as MS since it is no longer functioning as a tool."", ""NOT CODED — 'the room'"": ""The room is mentioned as a location context ('around the room') but is not explicitly described as a distinct physical space entered or encountered. No clear residential, vocational, or other architectural detail is given.""}","I dreamed that somebody was taking my temperature. I was afraid that I really had a fever, so I didn't want the person to come near me with the thermometer. Someone had said not to touch the thermometer on a certain point - otherwise the mercury would all run out in a steady stream. I must have touc"
norms-f_0063,"[""AV"", ""AV"", ""AM"", ""CL"", ""CL"", ""CL"", ""BE"", ""BE"", ""BE"", ""BA"", ""IT""]","[""CM"", ""AV"", ""AV"", ""CL"", ""CL"", ""CL"", ""BE"", ""BE"", ""BE"", ""CL""]",0.762,0.727,0.8,"{""AV (the dreamer's classroom)"": ""A classroom — vocational/educational building space."", ""AV (friend's classroom)"": ""A second distinct classroom the friend is coming out of — separate vocational/educational space."", ""AM (the hall)"": ""A hallway/corridor — connecting space within a building, coded as architectural miscellaneous."", ""CL (white coat)"": ""Clothing — a white coat the friend is wearing."", ""CL (white trousers)"": ""Clothing — a pair of white trousers."", ""CL (his coat he put on)"": ""Clothing — a coat the friend puts on before leaving (distinct from the white coat already worn)."", ""BE (hand)"": ""Extremity — the friend's hand is explicitly described as bandaged."", ""BE (arm)"": ""Extremity — the friend's arm explicitly described (bandage halfway up)."", ""BE (wrist)"": ""Extremity — the friend's broken wrist explicitly mentioned."", ""BA (broken wrist — the break)"": ""Anatomical condition — a broken bone explicitly described."", ""IT (bandage)"": ""A medical apparatus/supply — the bandage on his hand and arm.""}","I dreamed that Dean Dolan was explaining the construction of some English sentences to me. I had them all correct except one which she switched around to make it the right construction. Then we walked out of the classroom since she a class and so did I. As we came out into the hall, I saw a friend o"
norms-f_0064,"[""HH"", ""AR""]","[""HH"", ""AR""]",1.0,1.0,1.0,"{""HH (the table)"": ""A table at which the dreamer and others are sitting — household furniture."", ""AR (the dormitory)"": ""The dreamer's dormitory is explicitly mentioned as a residential building the dreamer lives in and left from."", ""NOT CODED — 'the dance'"": ""The dance is an event the dreamer did not attend; it is not a physical object or venue present in the dream scene."", ""NOT CODED — the other people"": ""Characters are not coded as objects; no body parts are described.""}","I dreamed that I was sitting at a table with a girl in my dormitory, her boyfriend and either 2 or 3 other people whom I don't recall. Anyhow, the girl was asking me all sorts of questions about a dance I was supposed to have attended last week, but to which I never went. I had signed out for this d"
norms-f_0065,"[""AR"", ""AR"", ""AD"", ""AD"", ""CL"", ""CL"", ""CM"", ""MO""]","[""AR"", ""CL"", ""AD"", ""AR"", ""CL"", ""IR"", ""AR"", ""CL"", ""MS""]",0.588,0.625,0.556,"{""AR (my room)"": ""The dreamer's room — a residential space explicitly entered and described."", ""AR (my dormitory / porch)"": ""The dormitory porch is a distinct residential space where the goodbye scene takes place."", ""AD (windows)"": ""Architectural detail — the windows of the room being cleaned."", ""AD (porch)"": ""Architectural detail — the porch of the dormitory is a structural part of the building, distinct from the room itself. Actually, reconsideration: the porch is part of the dormitory building, coded as AD for architectural detail."", ""CL (naval lieutenant's uniform)"": ""Clothing — the young man's uniform is explicitly described."", ""CL (my ring)"": ""Clothing/accessory — a ring worn by the dreamer, admired by the man."", ""CM (tickets to see Romeo and Juliet)"": ""Communication — tickets are printed media/documents for an event."", ""MO (billfold)"": ""The billfold (wallet) is a money-related object — a wallet with his name stamped on it. Actually, a billfold is a wallet which is primarily for money. Coded as MO."", ""NOT CODED — 'dorm next door'"": ""The dorm next door is mentioned in reported speech as background information, not a space the dreamer physically enters."", ""NOT CODED — 'gold' stamped name"": ""The gold lettering is a feature of the billfold, not a separate object.""}",The dream began when a friend of mine came and told me that a boy whom I had dated a few times and whom I haven't seen for several weeks was pinned to another girl who was supposed to live next door to my dorm. (The only person living there is an old woman and a few servants.) Then the dream shifted
norms-f_0066,"[""AR"", ""BH"", ""BE"", ""AD""]","[""AR"", ""AR"", ""BH"", ""BE"", ""AD""]",0.889,1.0,0.8,"{""AR (bathroom)"": ""A bathroom is a residential room within the dormitory — coded as AR."", ""BH (her head)"": ""Nancy's head is explicitly singled out as an object of attention — the dreamer took it in her hands and banged it against the wall."", ""BE (my hands)"": ""The dreamer's hands are explicitly mentioned as the means of grabbing Nancy's head — extremities coded as BE."", ""AD (the wall)"": ""The wall is explicitly described as an architectural detail that the head is banged against.""}","Two friends, Nancy (19) my ex-roommate and Julia, girl living across the hall in my dorm and I were in a bathroom chatting. Nancy replied to my statement with a rather sarcastic hum which in real life torments me to some extent. I got so excited that I took her head in my hands and banged it twice a"
norms-f_0067,"[""ST"", ""AR"", ""AV"", ""AM"", ""AR""]","[""ST"", ""AR"", ""ST"", ""AR"", ""AV"", ""AR"", ""BH"", ""MS""]",0.615,0.8,0.5,"{""ST (the street where the dreamer once lived)"": ""A street/road — the setting of the dream is explicitly on a street the dreamer once lived on."", ""AR (my old home)"": ""The dreamer's former residence — a residential building explicitly seen."", ""AV (the bakery next door)"": ""A bakery is a commercial/business building — vocational architecture."", ""AM (the high cyclone fence around it)"": ""A fence — architectural miscellaneous structure."", ""AR (some of the houses)"": ""Other houses seen on the street — residential buildings."", ""NOT CODED — New York"": ""New York is mentioned as a travel destination Tia was going to, but the dreamer is not physically there in the dream scene."", ""NOT CODED — Cleveland"": ""Cleveland is mentioned as background context for where the street is located, not as a distinct region the dreamer traverses."", ""NOT CODED — Bellflower House / dorm"": ""These are mentioned in the dreamer's waking associations, not as physical objects appearing in the dream scene."", ""NOT CODED — familiar faces"": ""Characters, not objects.""}",I dreamed this dream the night before my friend Tia Sticapoulou went to New York. I dreamed I saw her walking down the street with another of my friends on the day that she was to leave. I inquired as to what had happened. She replied that she waited for a number of hours and that the person didn't 
norms-f_0068,"[""CL"", ""CL""]","[""RG"", ""CL"", ""CL""]",0.8,1.0,0.667,"{""CL (brown checked jacket)"": ""Clothing item explicitly described — the dreamer was 'very conscious' of it."", ""CL (the dress she was wearing)"": ""Clothing item explicitly described — the dreamer was 'aware of the dress I was wearing.'"", ""NOT CODED — social function venue"": ""The dream says 'some type of social function' but does not explicitly describe a building or room as a distinct physical space. Too vague to code as AE."", ""NOT CODED — Case or Reserve campus"": ""These are mentioned as recognition context, not as a physical region the dreamer is in during the dream scene.""}","All that I can remember is that I was at some type of social function. Someone came up to me and asked me to dance, and some time later this same individual in exactly the same manner asked me again. I can't explain how he asked me, but I do know that it was in the exact same way. The second time I "
norms-f_0069,"[""HH"", ""BH"", ""HH"", ""TR""]","[""HH"", ""BS"", ""BH"", ""HH"", ""TR""]",0.889,1.0,0.8,"{""HH (the bed)"": ""Household furniture — the dreamer is explicitly in bed."", ""BH (long hair)"": ""Head/hair explicitly described as a feature of the baby — 'a beautiful girl with long hair.'"", ""HH (cradle/bassinet)"": ""Household furniture — a cradle or bassinet given by the uncle."", ""TR (the car)"": ""A car is explicitly mentioned as appearing in the dream."", ""NOT CODED — ring"": ""The ring is mentioned as absent ('I had no ring'), so it is not a physical object present in the dream scene."", ""NOT CODED — the baby"": ""The baby is a character, not an object."", ""NOT CODED — parents' home or room"": ""No specific room or building is explicitly described as a physical space beyond being 'in bed.'""}","In my dream I was in bed aware of the fact that I was about to give birth to a baby. I fell into a deep sleep or when I woke the baby had been born. I had no pain and there was no evidence of afterbirth. At the time my parents were away and on returning both were overjoyed, especially my father (thi"
norms-f_0070,"[""AV"", ""HH"", ""HH"", ""CL"", ""BE"", ""BH"", ""BE"", ""BE"", ""CL""]","[""CM"", ""AV"", ""HH"", ""HH"", ""AD"", ""CL"", ""BE"", ""BH"", ""BE"", ""BE"", ""CL"", ""CL"", ""CL""]",0.818,1.0,0.692,"{""AV (psych lab)"": ""A laboratory used for academic/educational purposes — vocational/educational building."", ""HH (tables)"": ""Furniture — tables spread over the room."", ""HH (chairs along the wall)"": ""Furniture — chairs described as lining the wall."", ""CL (bright blue outfit)"": ""Clothing worn by the girl proctor."", ""BE (legs crossed)"": ""Extremities — legs explicitly described as crossed."", ""BH (head supported in her hand)"": ""Head — explicitly singled out as an object of attention in the posture description."", ""BE (hand)"": ""Extremity — hand explicitly described as supporting her head."", ""BE (knee)"": ""Extremity — knee explicitly described as where the hand rests."", ""CL (coat with green band and fur)"": ""Clothing — another proctor's coat explicitly described.""}","I had to take an exam in the psych lab. When I entered, there were tables over the whole place. The lab was just one room, not the way it actually is. There were chairs along the wall all occupied with people who are proctors. There seemed to be more of them than students taking the exam. One girl, "
norms-f_0071,"[""TR"", ""NA"", ""NA""]","[""NA"", ""TR"", ""TR"", ""NA""]",0.857,1.0,0.75,"{""TR (the car)"": ""A car — conveyance/travel object, explicitly described as being driven and parked."", ""NA (the steep hill)"": ""A hill — natural terrain feature, explicitly described and central to the dream scene."", ""NA (the lake)"": ""A lake — natural water body, explicitly described as a distinct object encountered at the summit."", ""NOT CODED — 'the controls'"": ""Controls are part of the car (TR), not a separate object."", ""NOT CODED — 'the summit/top'"": ""The summit is part of the hill (NA), not a separate object.""}","My father was driving me up a very steep hill in our car, and my young brother (15) was with us. When we reached the top, we got out of the car and parted for my father was going one way and I the other. I was very worried about leaving the car parked on the steep hill because some little fairy like"
norms-f_0072,"[""AV"", ""HH"", ""CM""]","[""AV"", ""HH"", ""AV"", ""CM""]",0.857,1.0,0.75,"{""AV (sociology class area / hall)"": ""The dreamer is about to enter a class and is in the hall — an educational/vocational building space."", ""HH (table)"": ""A table where the girls are seated — household furniture."", ""CM (papers)"": ""Papers passed out for signing — communication materials.""}","I was just about to enter my sociology class when I saw a few girls (unknown to me) seated at a table across the hall. I, too, sat down there. Then my instructor came and began talking to the girls. I thought that if I kept silent, he wouldn't notice I didn't belong and my presence would do no harm."
norms-f_0073,"[""BE"", ""BE"", ""BE"", ""BE""]","[""BE"", ""BE"", ""BE"", ""BE""]",1.0,1.0,1.0,"{""BE (arms)"": ""Extremities — the man's arms are explicitly described as objects of attention with freakish characteristics."", ""BE (legs)"": ""Extremities — the man's legs are explicitly described as objects of attention with freakish characteristics."", ""BE (fingers)"": ""Extremities — fingers are explicitly mentioned as notable features at the ends of his limbs."", ""BE (toes)"": ""Extremities — toes are explicitly mentioned as notable features at the ends of his limbs."", ""NOT CODED — 'stumps'"": ""Stumps are part of the same limb descriptions already coded as BE, not separate objects."", ""NOT CODED — wife, fiancé, children"": ""These are characters, not physical objects. No body parts or physical objects are described for them."", ""NOT CODED — any architecture"": ""No building or room is explicitly described as a physical space in the dream.""}",The only visible person was a man who had freakish limbs. At the end of each arm and leg there was either a stump or only one or two fingers or toes. I had the feeling he had acquired one of them only recently. I seemed to know that this man had a loving wife who would not leave him because of his h
norms-f_0074,"[""AV"", ""HH"", ""HH"", ""HH"", ""CM""]","[""CL"", ""HH"", ""CL"", ""MS""]",0.222,0.2,0.25,"{""AV (the store)"": ""Shopping for lipstick implies a store — a vocational/commercial building. The dreamer is physically present and interacting with a counter, so the store is explicitly described as a space."", ""HH (the counter)"": ""A counter where lipstick is sold — household/store furniture fixture."", ""HH (lipstick cases)"": ""The cases holding the lipstick — containers/household objects distinct from the lipstick itself."", ""HH (lipstick)"": ""The lipstick product itself — a household/personal supply item."", ""CM (paper)"": ""Paper used to streak lipstick on — a material for testing/communication of color. Actually, paper as a simple material is better coded as MS. Reconsidering: paper here is a miscellaneous object used for testing. However, 'paper' in H/VdC is often coded CM (communication materials). Coding as CM.""}","I was shopping for lipstick and was with a girl with whom I had been close friends in high school, but now am unfriendly with. I wondered why she was with me since I didn't like her. She was helping me choose a lipstick and I wondered whether she might not want to hinder me. The girl showed me a cou"
norms-f_0075,"[""AR"", ""NA"", ""HH""]","[""AR"", ""NA"", ""HH""]",1.0,1.0,1.0,"{""AR (the room)"": ""A room the dreamer is in — residential space, coded as AR."", ""NA (earth from flower pots — earth/soil)"": ""Natural material (earth/soil) explicitly described as being emptied."", ""HH (flower pots)"": ""Household containers — flower pots are household items."", ""NOT CODED — 'face'"": ""The dreamer says they don't remember seeing a face — so no body part is actually present as an object of attention."", ""NOT CODED — 'everything in the room'"": ""Vague reference to room contents without specifying distinct objects; cannot code unspecified items.""}",All I remember of this dream is that my brother (16) re-entered a room I was in. He began upsetting everything in the room and doing everything he could to dirty it up--emptying the earth from flower pots was one specific way I remember. He was doing all this to spite me because I pleaded with him n
norms-f_0076,"[""CL"", ""CL"", ""NA"", ""NA"", ""NA"", ""IR""]","[""CL"", ""CL"", ""NA"", ""NA"", ""NA""]",0.909,0.833,1.0,"{""CL (silver-white fur coats)"": ""Clothing items explicitly described — both girls wore identical coats, but they are described as a single type of garment ('beautiful silver-white fur coats'). Coded once as a distinct clothing object of attention."", ""CL (light blue dresses)"": ""A second distinct clothing item explicitly described and singled out."", ""NA (lakeshore / water)"": ""Natural water body — the lake and its shore are a nature object."", ""NA (sun)"": ""Heavenly body explicitly mentioned — 'a bright sun.'"", ""NA (fish caught)"": ""They went fishing and caught 'quite a few' — fish are nature objects. Coded once as a collective catch."", ""IR (fishing activity/equipment)"": ""They 'went fishing' — fishing implies fishing implements/recreation equipment actively used for recreation."", ""NOT CODED — 'blue sky'"": ""The sky is atmospheric backdrop, not a distinct physical object. The sun is coded separately as it is explicitly named."", ""NOT CODED — weather/cold"": ""Weather conditions are not physical objects.""}","I dreamed of 2 girls (I know them personally and always think of them together) both dressed exactly alike. They were beautiful silver-white fur coats which I liked very much. Both were very dressed up, and I remember especially that they wore light blue dresses. We were at a lakeshore. Some older p"
norms-f_0077,"[""NA"", ""NA"", ""HH"", ""HH""]","[""NA"", ""FO""]",0.333,0.25,0.5,"{""NA (bushel of apples #1)"": ""Apples are a natural/food item — but bushels of apples as picked fruit are nature objects. Actually, apples are food. Reconsidering: apples are a food item = FO. But the bushel container is a household object. Let me reconsider: apples as harvested produce = FO, and the bushel baskets = HH. Actually, the dream focuses on 'bushels of apples' as combined objects. Apples are food (FO), bushels are containers (HH). Coding separately."", ""HH (bushel container #1)"": ""A bushel basket/container — household object."", ""HH (bushel container #2)"": ""A second distinct bushel basket/container — household object."", ""NOT CODED — oven"": ""The oven is mentioned in reported speech ('something about the oven not being hot enough') — it is not physically present in the dream scene as a distinct object encountered.""}","I dreamed that my father was commending my sister and me for picking two bushels of apples. One of the bushels of apples was, I distinctly remember, yellow. My father went on to complain about not being able to hunt. I don't think the reason is very clear. He said something about the oven not being "
norms-f_0078,"[""ST"", ""TR"", ""TR""]","[""TR"", ""TR"", ""TR"", ""TR""]",0.571,0.667,0.5,"{""ST (railroad tracks)"": ""Railroad tracks are roadway/path infrastructure — coded as ST. Multiple tracks mentioned but they form one continuous setting."", ""TR (moving locomotives)"": ""Locomotives/trains are conveyances — travel objects."", ""TR (approaching train in second dream)"": ""A second distinct train mentioned in the related dream scene — travel object.""}","I dreamed of being on railroad tracks. I don't remember feeling any particular emotion. There were several tracks, and moving locomotives, and I remember that my father was present. Another dream I had similar to this one involved my father trying to remove something from the tracks before an approa"
norms-f_0079,"[""MO""]","[""MO""]",1.0,1.0,1.0,"{""MO ($80 / the money)"": ""Money explicitly mentioned — $80 and 'the money' refer to the same financial object."", ""NOT CODED — 'home'"": ""Home is the general setting context ('home for a vacation') but is not described as a distinct physical space encountered in the dream."", ""NOT CODED — body parts (grinning)"": ""'Grinning at each other' is an interpersonal expression, not a body part singled out as a distinct object of attention.""}",I dreamed that I was home for a vacation. I was demanding from my mother that she tell me what a certain $80 was for. I was very puzzled about it and wanted to know its source. I remember then seeing my mother and father grinning at each other and right away I realized that it was they who had given
norms-f_0080,"[""AE"", ""NA"", ""CM"", ""CL"", ""BE"", ""AR"", ""BH""]","[""NA"", ""CL"", ""BE"", ""AR"", ""BH"", ""AR""]",0.769,0.714,0.833,"{""AE (the big formal dance)"": ""A dance/entertainment venue — entertainment building/event space."", ""NA (pink camelia)"": ""A flower — nature object."", ""CM (telephone call / long distance call)"": ""Communication device — calling Milt by phone, operators listening."", ""CL (diamond ring)"": ""Jewelry — clothing/accessory object worn on the body."", ""BE (finger)"": ""Extremity — the finger is explicitly mentioned as where the ring is slipped on."", ""AR (the house he was building)"": ""Residential building — a house described as being built."", ""BH (he turned his head away)"": ""Head — explicitly singled out as an object of attention when he turned it away."", ""NOT CODED — 'my home'"": ""The dreamer says 'somewhere near my home' but the setting is described as unclear and the home is not entered or described as a distinct physical space."", ""NOT CODED — 'operators'"": ""The operators are characters, not objects.""}","I was planning on going to a big formal dance, one of the Mather dances to which the girls invite their boyfriends. I was very worried about who to ask, and for some reason I didn't want to ask Milt. A girlfriend of mine I don't know who, got me a blind date for the affair. The night of the dance I "
norms-f_0081,"[""RG""]",[],0.0,0.0,0.0,"{""RG (Albuquerque, N.M.)"": ""Named city/geographic region — the dreamer is physically carried there in the dream scene."", ""NOT CODED — symptoms"": ""Abstract reference to dying symptoms; no specific body parts or medical objects are described."", ""NOT CODED — 'the town'"": ""This refers to the same location as Albuquerque, not a separate region.""}","I dreamed I was dying. I had all the symptoms, and was just waiting for the end. But at the same time, I was about and carrying on carious activities with friends. It worried me to be doing this, because I was supposed to die, and I didn't know how much gallivanting I should be doing. Somehow these "
norms-f_0082,"[""AE"", ""MS"", ""BH""]","[""CM"", ""BH"", ""MS""]",0.667,0.667,0.667,"{""AE (movie theater)"": ""A movie theater — entertainment venue where the dreamer is watching a film."", ""MS (dropped article)"": ""An unspecified article/object the dreamer had been holding — cannot be classified into any specific category, so coded as miscellaneous."", ""BH (eyes)"": ""The dreamer's eyes are explicitly singled out as objects of attention — they are stuck and won't move.""}","I was in a movie watching it very intently. When the movie was over, I discovered I had dropped some article which I had been holding. But when I tried to look for it, I found my eyes would not move from their previous position of looking up at the movie. I tried hard for a long time to get them uns"
norms-f_0083,[],[],1.0,1.0,1.0,"{""NOT CODED — Marshall Field and Co."": ""The friend's workplace in Chicago is background information — he does not visit the store in the dream and the dreamer is not physically there."", ""NOT CODED — Chicago / Cleveland"": ""City names mentioned as narrative context (where he is from, where the dreamer is). The dreamer is not physically traveling through or acting within these cities as distinct dream scenes. Do not code as RG."", ""NOT CODED — weight loss"": ""The friend's changed appearance is noted but no body part is described as a distinct object of attention. 'Lost a lot of weight' is an interpersonal observation, not a description of a body part.""}","I dreamed of a very good friend of mine. He is 32, works at Marshall Field and Co. in Chicago. He is very overweight, but with such a personality that everyone likes him. In the dream he came here to Cleveland to see me. When he arrived, I found he had lost a lot of weight, really looked swell. He h"
norms-f_0084,"[""AV"", ""AD"", ""CL"", ""CL"", ""CL"", ""BT""]","[""AV"", ""TR"", ""CL"", ""CL"", ""CL""]",0.727,0.667,0.8,"{""AV (Marshall Field and Co.)"": ""A store/workplace — vocational building explicitly named and the dreamer is physically present working there."", ""AD (escalator)"": ""An architectural detail — a staircase-like structure within the building."", ""CL (flag red shirt)"": ""Clothing item explicitly described."", ""CL (Kelley green jacket)"": ""Clothing item explicitly described."", ""CL (brown trousers)"": ""Clothing item explicitly described."", ""BT (very overweight)"": ""Body/torso description — the friend's body is explicitly singled out as an object of attention ('very overweight person')."", ""NOT CODED — Chicago"": ""City mentioned as location context for the workplace, not a distinct region the dreamer physically travels through as a geographic area."", ""NOT CODED — girlfriend / friend"": ""Characters are not coded as objects.""}","I was back working at Marshall Field and Co. in Chicago. It was quitting time and my girlfriend (20) and I were riding down the escalator accompanied by a friend of ours. He is a very overweight person, age 32, and dressed in a striking manner. Flag red shirt, Kelley green jacket and brown trousers."
norms-f_0085,[],[],1.0,1.0,1.0,"{""NOT CODED — birthday party setting"": ""The dream implies a party location (likely a home) but never explicitly describes a room or building as a physical space the dreamer enters or encounters."", ""NOT CODED — gifts"": ""Gifts are mentioned ('opening gifts') but no specific gift object is described in enough detail to classify. However, on reflection, gifts are physical objects being opened and shown — they are present in the scene. But the dream says 'opening gifts' and 'showed the teacher one of them' without describing what any gift actually is. The gifts are generic/unclassified physical objects. These could be coded MS. Let me reconsider: the dreamer is opening gifts and showing them — these are concrete physical objects present in the scene. They should be coded. At minimum one gift is singled out ('one of them'). But we don't know the category. MS is appropriate for unclassifiable objects. However, re-reading the coding rules: 'gifts' at a birthday party without any description of what they are — the dream focuses on the interpersonal dynamic, not the objects. The gifts are mentioned only as a vehicle for the social interaction. Still, they are physically present objects being handled. I will code at least one MS for the gift shown."", ""NOT CODED — 'a look of disgust/disdain'"": ""Facial expressions are interpersonal actions, not body parts described as objects of attention. No specific body part (face, eyes) is singled out as a distinct object.""}","I dreamed of my last year's English teacher. In real life she is a good friend of mine, in my dream she was a good friend of mine, out of a blue sky she could do nothing but look at me with disdain; not a word passed between us. It was my birthday and I was having a small party. My teacher was there"
norms-f_0086,"[""AV"", ""AE"", ""FO"", ""HH"", ""CM""]","[""HH"", ""HH"", ""HH"", ""AE"", ""FO""]",0.6,0.6,0.6,"{""AV (class)"": ""A classroom setting — vocational/educational building where the project takes place."", ""AE (flower show)"": ""An entertainment venue — a public exhibition/show the dreamer attends."", ""FO (candy)"": ""Food item — the candy made as a project."", ""HH (tin box)"": ""Household container — the tin box used to hold the candy."", ""CM (striped wrapping paper)"": ""Wrapping paper as a communication/presentation material. Actually, wrapping paper is better classified as MS — miscellaneous object. However, reconsidering: wrapping paper doesn't clearly fit any standard category. MS is most appropriate.""}","As a project in one of my classes, I had to make some candy which I put in a tin box and then I wrapped the box in striped wrapping paper. The next moment I was at the flower show and there I saw a display of the candy boxes which my classmates and I had wrapped. My box was all covered up by the oth"
norms-f_0087,"[""AV"", ""MS"", ""MS"", ""AD"", ""FO"", ""HH""]","[""AV"", ""AD"", ""MS"", ""AD"", ""CL"", ""MS""]",0.667,0.667,0.667,"{""AV (hardware store)"": ""A store — vocational/business building explicitly entered and described."", ""MS (pile of scrap rubber #1)"": ""A huge pile of scrap rubber — miscellaneous object, not fitting other categories."", ""MS (pile of scrap rubber #2)"": ""Second distinct pile of scrap rubber — another miscellaneous object instance."", ""AD (front door)"": ""A door — architectural detail of the store."", ""FO (cigarette)"": ""A cigarette — consumable item, coded as FO per H/VdC conventions."", ""HH (purse)"": ""A purse/bag — household container object."", ""NOT CODED — 'smoke'"": ""Smoke is a byproduct of the fire, not a distinct physical object brought into the scene."", ""NOT CODED — 'fire'"": ""Fire is an event/phenomenon, not a coded object category."", ""NOT CODED — 'hardware products'"": ""Mentioned as general clutter but no specific products are individually described; the store itself is coded AV.""}","I was working in a hardware store which was very long and narrow and cluttered with hardware products. My friend (m, 23) came in to see me. We were standing by two huge piles of scrap rubber which were located near the front door. My friend lit a cigarette. Before we knew it, the piles of scrap rubb"
norms-f_0088,"[""ST"", ""CL"", ""HH"", ""AE"", ""AV"", ""CL"", ""AR"", ""RG"", ""CL""]","[""ST"", ""RG"", ""CL"", ""BH"", ""AE"", ""CL"", ""AR"", ""RG"", ""CL"", ""MS""]",0.737,0.778,0.7,"{""ST (Euclid at Wade Park)"": ""Named street/roadway — the dreamer is walking on it."", ""CL (bridesmaid dress)"": ""Clothing item the dreamer is wearing."", ""HH (light/flashlight)"": ""The strange man flashed a light — a handheld device/household miscellaneous object. Actually, a flashlight is a household implement."", ""AE (dingy bar)"": ""A bar — entertainment venue the dreamer runs into."", ""AV (designer's shop)"": ""A shop — vocational/business building."", ""CL (new gown being made)"": ""A second distinct garment — the newly made dress."", ""AR (small room)"": ""A small room the dreamer is in with her cousin — residential/generic room."", ""RG (parking lot)"": ""A bounded land area — parking lot where the dreamer finds her parents."", ""CL (newly made dress on friend)"": ""Same dress as the new gown, now seen on the friend — but it's the same object as CL #2, not a new instance. Actually, it is the same dress described again. Not coded separately."", ""NOT CODED — 'many men at the bar'"": ""Characters, not objects."", ""NOT CODED — 'the wedding'"": ""An event referenced but not physically present in the dream scene."", ""NOT CODED — phone/calling"": ""No one would let her call — but no phone is explicitly described as a physical object.""}",I was walking on Euclid at Wade Park at night. I had on my bridesmaid dress (which I wore at the wedding of my sister). Suddenly a strange man flashed a light in my face and laughed. Then he started chasing me and I ran into a dingy bar. There were many men at the bar and it was very noisy and smoky
norms-f_0089,"[""AM"", ""AD"", ""AM"", ""AR"", ""IW"", ""AM"", ""AR"", ""AM""]","[""AM"", ""AD"", ""AM"", ""AM"", ""IW"", ""AM"", ""AR"", ""MS""]",0.875,0.875,0.875,"{""AM (building)"": ""A building the dreamer enters — not clearly residential, vocational, entertainment, or institutional. Coded as architectural miscellaneous."", ""AD (door)"": ""A door opened by the friend — architectural detail."", ""AM (winding corridor)"": ""A winding corridor/passageway — connecting space within a building, coded as AM."", ""AR (open room)"": ""An open room they arrive at — a room within the building. Given the later mention of a 'bedroom' and residential-type rooms, coded AR."", ""IW (rifles)"": ""Weapons — men with rifles."", ""AM (waiting room)"": ""A waiting room functioning as a transitional/passageway space — coded AM per the rule that waiting rooms used as hallway/connecting spaces = AM."", ""AR (leader's bedroom)"": ""A bedroom — clearly residential room, coded AR."", ""AM (hallway where they originally entered)"": ""The hallway/entry area — a connecting space within the building, coded AM.""}","A friend of mine (m, 23) took me into a building in search of something (I don't know what). He opened a door and there was a winding corridor cluttered with dusty antiques. We followed the passageway until we came to an open room. Several men popped up from behind objects with rifles, and we were s"
norms-f_0090,"[""TR"", ""NA"", ""IR"", ""AD"", ""BA"", ""BA"", ""BT"", ""AR"", ""TR""]","[""TR"", ""IR"", ""IR"", ""TR"", ""BA"", ""BH"", ""AR"", ""AR"", ""TR"", ""MS""]",0.526,0.556,0.5,"{""TR (car with family)"": ""The first car the dreamer is riding in with parents — travel/conveyance."", ""NA (golf course)"": ""A golf course is a natural/terrain area they pass — nature object."", ""IR (golf ball)"": ""A golf ball is a sporting/recreation implement."", ""AD (rear window of car)"": ""Actually, vehicle windows are part of the vehicle (TR), not architectural details. However, re-reading the rules: 'Do NOT code vehicle doors, windows, or parts as separate AD codes — they are part of the vehicle (TR).' So this should NOT be coded. Let me revise."", ""BA (glass lodged in neck)"": ""Glass lodged in the body/neck — this is a foreign substance in the body, but actually glass is a miscellaneous object. The neck itself with glass is body trauma. The glass shards are distinct objects — MS. Let me reconsider."", ""BA (collar bone swelling)"": ""The collar bone is explicitly described as an object of attention — an internal/anatomical body part (bone) that swelled up."", ""BT (neck)"": ""The neck is explicitly described — glass lodged in the neck, torso/neck area."", ""AR (house — not own home)"": ""A house the dreamer comes out of — residential building."", ""TR (big blue car)"": ""Second distinct car — friend's mother's big blue car.""}","I was in a car with my father and mother (both 45) and another person (perhaps my sister [22] but I am not sure). We were passing a golf course. Suddenly my father started driving faster, explaining that he had seen a man just drive his golf ball and he was afraid it might hit one of the windows in "
norms-f_0091,"[""AR"", ""HH""]","[""AR"", ""AR""]",0.5,0.5,0.5,"{""AR (smoking room of the dorm)"": ""A room within a dormitory — residential space, coded as AR."", ""HH (the piano)"": ""A piano referenced as a household possession belonging to a dorm mate — coded as HH (household item/furnishing) rather than IR, since it is not being actively played for recreation in the dream scene."", ""NOT CODED — 'the room' she went out of and came back"": ""Same smoking room already coded as AR; not a separate space."", ""NOT CODED — 'the dorm'"": ""The dormitory building is the general setting context; the specific room (smoking room) is already coded.""}","I dreamed I was in the smoking room of my dorm talking to the girls, and I started to complain of the piano playing of one of our dorm mates. The girls all gave each other funny looks. And one went out of the room and came back with the girl of whom I had been complaining. When I stopped talking in "
norms-f_0092,"[""RG"", ""RG"", ""RG"", ""TR"", ""TR"", ""MO"", ""AR""]","[""RG"", ""AV"", ""TR"", ""TR"", ""TR"", ""AR""]",0.615,0.571,0.667,"{""RG (small town in New Hampshire)"": ""Named geographic region — the dreamer is physically present in this town at the start of the dream."", ""RG (Cleveland)"": ""Named city — the dreamer perceives the town as located in Cleveland and acts within it."", ""RG (New Hampshire as destination)"": ""Named geographic region the dreamer is traveling to — a distinct bounded area."", ""TR (the plane)"": ""Conveyance — the dreamer sits on the plane."", ""TR (bicycle)"": ""Conveyance — the fellow came on a bicycle."", ""MO (ticket)"": ""The plane ticket functions as a purchased monetary/transactional object. Coded as MO since it represents a financial transaction item."", ""AR (dorm)"": ""Residential building — the dormitory where the fellow is waiting."", ""NOT CODED — 'buildings'"": ""Buildings are mentioned generically as part of the town scenery ('some of the buildings were foreign') but no specific building type is entered or described as a distinct physical space."", ""NOT CODED — 'ticket girl'"": ""A character, not an object."", ""NOT CODED — 'movie star'"": ""A character mentioned but never physically present in the dream scene.""}","I dreamed I was in a small town in New Hampshire, but some of the buildings and all of the people were foreign to that area. I seemed to feel the town was located in Cleveland, and I wanted to fly to New Hampshire. The ticket girl wouldn't sell me a ticket at first because she thought I just wanted "
norms-f_0093,"[""AV"", ""AE"", ""HH""]","[""AV"", ""AE"", ""HH""]",1.0,1.0,1.0,"{""AV (classroom)"": ""A classroom is a vocational/educational building space — explicitly mentioned as a location."", ""AE (Hayden)"": ""Hayden likely refers to a dining hall or social venue on campus — an entertainment/recreation building. The context of sitting at a table with sorority sisters and being asked for a date suggests a social/dining venue."", ""HH (the table)"": ""A table where the dreamer sits with sorority sisters — household furniture."", ""NOT CODED — 'campus'"": ""Campus is the general background setting, not a distinct bounded region the dreamer physically traverses as a scene object.""}","There is a fellow on campus who keeps asking me for dates even though I have constantly refused him. I dreamed he was waiting for me outside very classroom and wouldn't leave me alone. If I went to Hayden, he was there. I sat with a group of sorority sisters and he moved in at the table, embarrassin"
norms-f_0094,"[""ST"", ""NA"", ""NA"", ""NA"", ""NA""]","[""ST"", ""NA"", ""NA"", ""NA"", ""NA""]",1.0,1.0,1.0,"{""ST (secluded path)"": ""A path/walkway — roadway infrastructure."", ""NA (hill)"": ""A high hill — natural terrain feature."", ""NA (woods/forest)"": ""Dense forest — natural vegetation/terrain."", ""NA (brook)"": ""A brook — natural water body."", ""NA (beach)"": ""A beach — natural terrain feature.""}","I was walking along a secluded path in the woods, with a high hill along one side, and dense forest on the other. I was conscious of the beauty of the surroundings. After walking for awhile, I came to a brook, stopped to take a drink, crossed the beach and walked onward. As it started to grow dark, "
norms-f_0095,"[""TR"", ""CL"", ""HH"", ""AD"", ""NA"", ""AE""]","[""CL"", ""HH"", ""TR"", ""TR"", ""TR"", ""NA"", ""AD"", ""AE""]",0.857,1.0,0.75,"{""TR (the ship/vessel)"": ""A ship is a conveyance — travel object."", ""CL (military uniform)"": ""Garment worn by the dreamer — clothing."", ""HH (seat/platform)"": ""An assigned seat on a small platform — functions as furniture/household-type object."", ""AD (iron railing)"": ""A railing protecting the platform — architectural detail."", ""NA (waves/ocean)"": ""Ocean waves flooding the floor — natural water body/phenomenon."", ""AE (dance hall on the ship)"": ""A dance hall — entertainment venue."", ""NOT CODED — 'knitting'"": ""The dreamer forgot the knitting — it is not physically present in the dream scene."", ""NOT CODED — 'floor'"": ""The floor of the platform is part of the platform/vessel structure, not a separately described architectural detail.""}","I dreamed I had to go on a long ocean voyage and I was in uniform of some branch of the military forces. Seats were assigned and I found my seat was on a small platform on the lower part of the vessel almost at water level. The platform was only protected from the elements by an iron railing, and th"
norms-f_0096,"[""AV"", ""MS""]","[""CM"", ""AV""]",0.5,0.5,0.5,"{""AV (art school)"": ""The dreamer sees the friend at art school — an educational building/room explicitly described as a physical space the dreamer is in."", ""MS (picture being painted)"": ""A picture/painting being actively created — a physical object present in the scene. Not clearly communication (CM) or recreation (IR); coded as miscellaneous."", ""NOT CODED — Cleveland"": ""Cleveland is mentioned as narrative context ('back in Cleveland') but the dreamer is not described as physically moving through or inhabiting the city as a distinct bounded region in the dream scene."", ""NOT CODED — Chicago"": ""Chicago is mentioned only as background information about where the friend moved; the dreamer is not physically there."", ""NOT CODED — 'his job' / 'position as commercial artist'"": ""Abstract narrative context, not a physical object.""}","This dream concerns an artist friend of my husband's. He is an old friend and he and my husband have known each other since they were children. He is about 25. The dream itself is short. Only a fragment. In my dreams, I saw this friend of a fellow art student who was painting a picture. I felt rathe"
norms-f_0097,"[""AR"", ""AR"", ""HH"", ""HH"", ""BH""]","[""AR"", ""AR"", ""HH"", ""HH"", ""BH""]",1.0,1.0,1.0,"{""AR (home of sister-in-law)"": ""Residential dwelling — the home is explicitly described as the setting where the dream takes place."", ""AR (the bathroom)"": ""A distinct residential room explicitly entered and described — coded as a separate AR from the home."", ""HH (glass mirror / medicine cabinet)"": ""Household fixture — the mirror of the medicine cabinet is explicitly described as an object of attention."", ""HH (the bathtub)"": ""Household fixture — the bathtub is explicitly mentioned as a distinct object in the bathroom."", ""BH (sister-in-law's face)"": ""Head/face — explicitly described as seen 'very vividly,' singling it out as an object of attention.""}","This dream is merely a fragment, but it is all that I can remember. All that took place was in the home of my sister-in-law (my husband's brother's wife) who is 35. My sister-in-law and I were standing in the bathroom and were looking the room over. My sister-in-law began explaining to me the detail"
norms-f_0098,"[""RG"", ""TR"", ""NA"", ""NA""]","[""RG"", ""TR"", ""RG"", ""NA"", ""NA"", ""NA""]",0.8,1.0,0.667,"{""RG (the Arctic or Siberia)"": ""A named geographic region — the dreamer is physically present in this strange land."", ""TR (airplanes)"": ""Conveyances — airplanes roaring overhead."", ""NA (snow)"": ""Natural weather/terrain feature — snow surrounding the fox hole and forming the whirlpool."", ""NA (the hole/whirlpool in the ground)"": ""Natural terrain feature — a whirlpool of snow / hole in the ground through which the witch sank."", ""NOT CODED — fox hole"": ""A fox hole is a military dugout, not a distinct architectural structure or household object. It is a terrain feature dug into the ground; could arguably be NA but is more of a setting detail. Judgment call: not separately coded."", ""NOT CODED — soldiers"": ""Characters, not objects."", ""NOT CODED — the witch"": ""A character, not an object.""}",This dream was rather short and fragmentary. I was off in some strange land - the Arctic or Siberia. Airplanes were roaring overhead and several soldiers in a fox hole surrounded by snow where reassuring me that these planes were not of the enemy. The enemy was a wicked old witch who was out to kill
norms-f_0099,"[""BH""]","[""BH""]",1.0,1.0,1.0,"{""BH (professor's face)"": ""The professor's face is explicitly described as a distinct object of attention — 'seeing one of my professor's faces very close' and 'He appeared to be smiling.' This is a head/face body part singled out."", ""NOT CODED — other students"": ""Other students are mentioned as vaguely standing around but no physical objects or body parts are described in connection with them."", ""NOT CODED — difficulty/events"": ""These are abstract concepts, not physical objects.""}","This dream consisted merely of seeing one of my professor's faces very close. He appeared to be smiling and very friendly, and I had the feeling that he wished to help me through some difficulty which I had (what it was, I don't remember). When I awoke, I had the feeling that this was part of a long"
norms-f_0100,"[""CM"", ""BH""]","[""CM"", ""BA"", ""BH"", ""BH""]",0.667,1.0,0.5,"{""CM (the telephone)"": ""Communication device — the telephone rang and the dreamer heard the father's voice through it."", ""BH (mother's face with eyes closed)"": ""The dreamer explicitly visualizes the mother's face with her eyes closed — head/face as a distinct object of attention."", ""NOT CODED — 'funeral'"": ""The funeral is an event the dreamer dreads attending, not a physical object or building explicitly described in the dream scene."", ""NOT CODED — 'news'"": ""Abstract information, not a physical object.""}","In this dream I remember hearing the news that my mother had died. I remember feeling very upset at the news. I don't know who told me the news, but soon after I heard it, the telephone rang and I heard my father's voice. He called to tell me about my mother. When he spoke to me, I felt very sorry f"
